시간,발전량
2025-01-01 00:00,7.4157063299070005
2025-01-01 01:00,7.327566094859817
2025-01-01 02:00,7.9886213788373945
2025-01-01 03:00,7.60236790839381
2025-01-01 04:00,6.0914504844338255
2025-01-01 05:00,6.914695519360502
2025-01-01 06:00,5.63872880638879
2025-01-01 07:00,10.398670867602293
2025-01-01 08:00,10.445759735213162
2025-01-01 09:00,9.266937904642576
2025-01-01 10:00,4.25597398422457
2025-01-01 11:00,4.200534349621535
2025-01-01 12:00,7.492849331947244
2025-01-01 13:00,8.26801045093679
2025-01-01 14:00,8.701132674993348
2025-01-01 15:00,9.490480849368108
2025-01-01 16:00,5.532976633795189
2025-01-01 17:00,8.152476617501339
2025-01-01 18:00,8.480919277275472
2025-01-01 19:00,11.47992768917729
2025-01-01 20:00,13.335108915735006
2025-01-01 21:00,16.370076204985317
2025-01-01 22:00,14.28649178100384
2025-01-01 23:00,6.952197813383927
2025-01-02 00:00,8.427693927643336
2025-01-02 01:00,8.885540278735863
2025-01-02 02:00,10.7020377404285
2025-01-02 03:00,9.709462609408092
2025-01-02 04:00,10.529988110174354
2025-01-02 05:00,20.847586967605032
2025-01-02 06:00,15.862076932059946
2025-01-02 07:00,18.63299969180615
2025-01-02 08:00,9.892381987622397
2025-01-02 09:00,8.8587616513274
2025-01-02 10:00,8.569231733196979
2025-01-02 11:00,4.043589437747425
2025-01-02 12:00,7.371403028468416
2025-01-02 13:00,5.391661788107345
2025-01-02 14:00,9.401309667863702
2025-01-02 15:00,8.94179387163175
2025-01-02 16:00,11.31532837290001
2025-01-02 17:00,9.680402626270187
2025-01-02 18:00,15.149189392175565
2025-01-02 19:00,27.28335983677887
2025-01-02 20:00,28.921214890349418
2025-01-02 21:00,28.48761553030353
2025-01-02 22:00,18.700316583333436
2025-01-02 23:00,15.903236921817825
2025-01-03 00:00,30.325237334253504
2025-01-03 01:00,23.59679888318621
2025-01-03 02:00,34.80858397681266
2025-01-03 03:00,24.825264278217453
2025-01-03 04:00,29.934858347498313
2025-01-03 05:00,36.77106264439588
2025-01-03 06:00,34.64427595502559
2025-01-03 07:00,30.075603176375743
2025-01-03 08:00,28.412015563895622
2025-01-03 09:00,23.97289701900585
2025-01-03 10:00,7.597663956982686
2025-01-03 11:00,7.526656151239826
2025-01-03 12:00,8.514229719447401
2025-01-03 13:00,9.336252325601299
2025-01-03 14:00,2.0871729344183327
2025-01-03 15:00,0.2796789183216477
2025-01-03 16:00,3.3909214287318687
2025-01-03 17:00,5.9241047695431455
2025-01-03 18:00,13.501383794068476
2025-01-03 19:00,8.321003285811546
2025-01-03 20:00,26.403324931074962
2025-01-03 21:00,21.815190626713616
2025-01-03 22:00,28.538784975748293
2025-01-03 23:00,27.331793565941666
2025-01-04 00:00,19.765773655231243
2025-01-04 01:00,19.310377837953748
2025-01-04 02:00,23.557417765737387
2025-01-04 03:00,16.47273972078339
2025-01-04 04:00,15.635009788526453
2025-01-04 05:00,3.310668836628171
2025-01-04 06:00,1.069916888344264
2025-01-04 07:00,3.671965681427757
2025-01-04 08:00,1.4873796823391165
2025-01-04 09:00,0.0
2025-01-04 10:00,0.0
2025-01-04 11:00,0.0
2025-01-04 12:00,0.0
2025-01-04 13:00,0.0
2025-01-04 14:00,1.3248235870739713
2025-01-04 15:00,1.0664019895698942
2025-01-04 16:00,0.8316746452761645
2025-01-04 17:00,1.1211034761086984
2025-01-04 18:00,0.0
2025-01-04 19:00,3.2221753465346037
2025-01-04 20:00,1.9791858274339642
2025-01-04 21:00,7.253262456361055
2025-01-04 22:00,4.144520746745046
2025-01-04 23:00,10.077418369639926
2025-01-05 00:00,5.20511110213871
2025-01-05 01:00,1.7659118720765603
2025-01-05 02:00,9.343100048159108
2025-01-05 03:00,23.2584399427625
2025-01-05 04:00,18.541308904313667
2025-01-05 05:00,19.722437960592757
2025-01-05 06:00,21.106363025210218
2025-01-05 07:00,23.671832632170364
2025-01-05 08:00,27.433651514027375
2025-01-05 09:00,16.118637965281277
2025-01-05 10:00,23.2268621930645
2025-01-05 11:00,33.65292086545956
2025-01-05 12:00,43.94044061591393
2025-01-05 13:00,45.36863954437659
2025-01-05 14:00,45.19581947395827
2025-01-05 15:00,43.4713593168589
2025-01-05 16:00,26.13274049638533
2025-01-05 17:00,34.32904763834798
2025-01-05 18:00,27.734914551028368
2025-01-05 19:00,18.57713342357881
2025-01-05 20:00,18.460771517889086
2025-01-05 21:00,16.51188473652198
2025-01-05 22:00,15.44642600066323
2025-01-05 23:00,17.42079678723087
2025-01-06 00:00,29.880635284355048
2025-01-06 01:00,33.25490394409306
2025-01-06 02:00,38.4025962582334
2025-01-06 03:00,24.635897358560378
2025-01-06 04:00,20.407883463469325
2025-01-06 05:00,21.1295357720823
2025-01-06 06:00,18.697202408289332
2025-01-06 07:00,17.90458291022422
2025-01-06 08:00,15.255804298853773
2025-01-06 09:00,10.50557497747874
2025-01-06 10:00,19.882138989335978
2025-01-06 11:00,36.35193652884729
2025-01-06 12:00,43.619825609020786
2025-01-06 13:00,28.506527609656978
2025-01-06 14:00,42.02862866916981
2025-01-06 15:00,48.92917872057024
2025-01-06 16:00,46.547561954003406
2025-01-06 17:00,45.33304991453154
2025-01-06 18:00,42.65001236996418
2025-01-06 19:00,54.50989187092946
2025-01-06 20:00,46.35888823999291
2025-01-06 21:00,56.69713474542161
2025-01-06 22:00,57.181236030746874
2025-01-06 23:00,53.16141814310806
2025-01-07 00:00,54.911970635076415
2025-01-07 01:00,54.322610550009884
2025-01-07 02:00,56.314152808093326
2025-01-07 03:00,56.32159593199687
2025-01-07 04:00,47.20339547477315
2025-01-07 05:00,38.9576137246316
2025-01-07 06:00,22.67118781778661
2025-01-07 07:00,27.396506481123414
2025-01-07 08:00,10.3963480723246
2025-01-07 09:00,6.179668571793842
2025-01-07 10:00,9.575322088319334
2025-01-07 11:00,14.20870866208168
2025-01-07 12:00,38.942913558701164
2025-01-07 13:00,46.34084502333049
2025-01-07 14:00,37.51099200357379
2025-01-07 15:00,42.01722903300331
2025-01-07 16:00,40.101558669537106
2025-01-07 17:00,39.05618039101653
2025-01-07 18:00,30.9751792422684
2025-01-07 19:00,47.16830698327676
2025-01-07 20:00,32.98795214297733
2025-01-07 21:00,28.894906308779042
2025-01-07 22:00,45.73740958028169
2025-01-07 23:00,39.245291252612745
2025-01-08 00:00,46.67762737407499
2025-01-08 01:00,45.696408314860705
2025-01-08 02:00,36.90831711985821
2025-01-08 03:00,31.498830645760574
2025-01-08 04:00,38.80339311344076
2025-01-08 05:00,24.003658869773904
2025-01-08 06:00,2.9259830270386624
2025-01-08 07:00,5.9701073884202005
2025-01-08 08:00,16.90590401645301
2025-01-08 09:00,11.024440495171074
2025-01-08 10:00,25.36505409518923
2025-01-08 11:00,30.8121141992539
2025-01-08 12:00,28.87039493462043
2025-01-08 13:00,25.16076790360406
2025-01-08 14:00,34.7526781543419
2025-01-08 15:00,26.37393803192228
2025-01-08 16:00,39.09615504254132
2025-01-08 17:00,37.822971296254515
2025-01-08 18:00,38.79486876798224
2025-01-08 19:00,46.64236911269328
2025-01-08 20:00,51.86485847804633
2025-01-08 21:00,51.41779387795142
2025-01-08 22:00,48.05908128470617
2025-01-08 23:00,59.011561961476666
2025-01-09 00:00,52.30060419546618
2025-01-09 01:00,53.173388449256215
2025-01-09 02:00,59.89107144290196
2025-01-09 03:00,55.497203489874664
2025-01-09 04:00,56.785065392414694
2025-01-09 05:00,57.49541470658804
2025-01-09 06:00,51.46381847504238
2025-01-09 07:00,50.880861320230736
2025-01-09 08:00,53.867377932000394
2025-01-09 09:00,53.49379452548096
2025-01-09 10:00,50.62923024314803
2025-01-09 11:00,54.06680435997092
2025-01-09 12:00,55.52199651065783
2025-01-09 13:00,52.88145192382377
2025-01-09 14:00,53.04467824968409
2025-01-09 15:00,52.62152054908173
2025-01-09 16:00,48.70744017961974
2025-01-09 17:00,50.51287474132663
2025-01-09 18:00,54.97656680884903
2025-01-09 19:00,53.771642212130956
2025-01-09 20:00,47.048600751789394
2025-01-09 21:00,48.91474714219339
2025-01-09 22:00,42.452101801239046
2025-01-09 23:00,31.00717385890332
2025-01-10 00:00,35.19137497752632
2025-01-10 01:00,26.770199159025836
2025-01-10 02:00,15.089660051006344
2025-01-10 03:00,11.312148740687729
2025-01-10 04:00,8.41583647219893
2025-01-10 05:00,8.049121486976446
2025-01-10 06:00,9.376349675312596
2025-01-10 07:00,12.004935096163747
2025-01-10 08:00,14.055247110260261
2025-01-10 09:00,12.329238505269055
2025-01-10 10:00,8.986383832287036
2025-01-10 11:00,10.275323761927925
2025-01-10 12:00,7.0699094489079854
2025-01-10 13:00,11.560084779520551
2025-01-10 14:00,12.499914537730202
2025-01-10 15:00,10.105651003578348
2025-01-10 16:00,11.364368821714557
2025-01-10 17:00,10.68534967618238
2025-01-10 18:00,8.296561088228493
2025-01-10 19:00,8.289221321421024
2025-01-10 20:00,5.80395600156894
2025-01-10 21:00,12.72442947659667
2025-01-10 22:00,6.532024692736977
2025-01-10 23:00,7.600216272321484
2025-01-11 00:00,3.8610318969221034
2025-01-11 01:00,3.9307075464153494
2025-01-11 02:00,2.7909059339860294
2025-01-11 03:00,3.0783697520955524
2025-01-11 04:00,1.6015624143164082
2025-01-11 05:00,1.4181026571219357
2025-01-11 06:00,2.9395244943359993
2025-01-11 07:00,7.187752954432478
2025-01-11 08:00,8.18645459530988
2025-01-11 09:00,2.587600801811475
2025-01-11 10:00,1.1034918167827152
2025-01-11 11:00,4.58079566301236
2025-01-11 12:00,1.210964075298631
2025-01-11 13:00,5.270962365197119
2025-01-11 14:00,4.2838704872204145
2025-01-11 15:00,3.72044613767227
2025-01-11 16:00,1.896647542418294
2025-01-11 17:00,0.7244625261646735
2025-01-11 18:00,0.0
2025-01-11 19:00,1.9611374418633574
2025-01-11 20:00,0.0
2025-01-11 21:00,2.709139899328239
2025-01-11 22:00,0.02389576773160318
2025-01-11 23:00,0.0
2025-01-12 00:00,2.4640175961207493
2025-01-12 01:00,4.3913397857465375
2025-01-12 02:00,7.834372715502274
2025-01-12 03:00,8.011177345100958
2025-01-12 04:00,7.746489560953948
2025-01-12 05:00,9.17631900342507
2025-01-12 06:00,10.213134820353481
2025-01-12 07:00,11.67701947017342
2025-01-12 08:00,9.401043379794796
2025-01-12 09:00,1.8263245719856451
2025-01-12 10:00,1.8538943889717592
2025-01-12 11:00,2.0510529038801515
2025-01-12 12:00,4.180372632343296
2025-01-12 13:00,4.107509418940533
2025-01-12 14:00,3.4472026435223198
2025-01-12 15:00,5.300321452339042
2025-01-12 16:00,11.061285482013666
2025-01-12 17:00,13.753828663034643
2025-01-12 18:00,5.848002463619419
2025-01-12 19:00,9.06825798901083
2025-01-12 20:00,4.460569149260648
2025-01-12 21:00,3.561362672367597
2025-01-12 22:00,8.115170480036458
2025-01-12 23:00,6.32843360734768
2025-01-13 00:00,0.504857716295323
2025-01-13 01:00,4.469553470790153
2025-01-13 02:00,5.050624236469157
2025-01-13 03:00,4.7545915554687825
2025-01-13 04:00,5.434364740908407
2025-01-13 05:00,6.61908774566388
2025-01-13 06:00,0.0
2025-01-13 07:00,0.0
2025-01-13 08:00,0.0
2025-01-13 09:00,0.577762612834241
2025-01-13 10:00,0.0
2025-01-13 11:00,0.5131652726519293
2025-01-13 12:00,8.981169064204957
2025-01-13 13:00,7.237572056693325
2025-01-13 14:00,5.999243267327476
2025-01-13 15:00,7.0539064605781885
2025-01-13 16:00,12.198161193005939
2025-01-13 17:00,21.33888764402797
2025-01-13 18:00,24.64399972141206
2025-01-13 19:00,26.988629326701588
2025-01-13 20:00,27.818600904108926
2025-01-13 21:00,34.26557001852714
2025-01-13 22:00,34.47818453411343
2025-01-13 23:00,39.66208692669253
2025-01-14 00:00,22.489431119136498
2025-01-14 01:00,13.054558477421224
2025-01-14 02:00,31.21351681263851
2025-01-14 03:00,35.682209851081325
2025-01-14 04:00,33.837729841479636
2025-01-14 05:00,28.988428546488308
2025-01-14 06:00,34.29247786339202
2025-01-14 07:00,33.58589739221291
2025-01-14 08:00,25.429330923365
2025-01-14 09:00,19.1368347544295
2025-01-14 10:00,21.961118670616113
2025-01-14 11:00,13.798141052611937
2025-01-14 12:00,11.682340839501336
2025-01-14 13:00,14.677557418762014
2025-01-14 14:00,18.997240903205974
2025-01-14 15:00,20.213888490469753
2025-01-14 16:00,22.713993681660327
2025-01-14 17:00,16.22253804215379
2025-01-14 18:00,15.40225988499208
2025-01-14 19:00,20.221699360889488
2025-01-14 20:00,26.27569318610029
2025-01-14 21:00,35.28630049888761
2025-01-14 22:00,41.864809473893146
2025-01-14 23:00,45.02507566116723
2025-01-15 00:00,47.609979660996814
2025-01-15 01:00,44.08044366594822
2025-01-15 02:00,45.768084888810215
2025-01-15 03:00,41.760898234232265
2025-01-15 04:00,43.88888571917202
2025-01-15 05:00,52.86287445348343
2025-01-15 06:00,48.9230176544403
2025-01-15 07:00,40.74752739123507
2025-01-15 08:00,38.619711321463754
2025-01-15 09:00,51.1273378141385
2025-01-15 10:00,47.004154388956565
2025-01-15 11:00,37.69152554672662
2025-01-15 12:00,41.981950035697466
2025-01-15 13:00,34.714306714931425
2025-01-15 14:00,30.265765922255756
2025-01-15 15:00,33.585970790304664
2025-01-15 16:00,19.80057992380938
2025-01-15 17:00,27.9487604632749
2025-01-15 18:00,31.239054238382497
2025-01-15 19:00,37.519200190000916
2025-01-15 20:00,37.64805009809937
2025-01-15 21:00,30.416447542003347
2025-01-15 22:00,27.611609230119498
2025-01-15 23:00,18.827350644576015
2025-01-16 00:00,22.098274341593203
2025-01-16 01:00,11.935445251027508
2025-01-16 02:00,6.723134286249022
2025-01-16 03:00,9.775381356942034
2025-01-16 04:00,8.338830201932787
2025-01-16 05:00,16.008370329078463
2025-01-16 06:00,12.304873866231391
2025-01-16 07:00,8.217884233520953
2025-01-16 08:00,9.675833959844796
2025-01-16 09:00,4.39526417973026
2025-01-16 10:00,6.111517309546874
2025-01-16 11:00,7.47127970164072
2025-01-16 12:00,8.698839595156548
2025-01-16 13:00,9.452828401749077
2025-01-16 14:00,12.943232661950045
2025-01-16 15:00,17.16582390203853
2025-01-16 16:00,9.98173059299044
2025-01-16 17:00,7.669720141933322
2025-01-16 18:00,9.250635510432414
2025-01-16 19:00,12.93860663013729
2025-01-16 20:00,15.769422758813057
2025-01-16 21:00,19.617138767737412
2025-01-16 22:00,22.075764246264143
2025-01-16 23:00,13.581919262126046
2025-01-17 00:00,6.419467955750837
2025-01-17 01:00,13.564127724752817
2025-01-17 02:00,26.603607839385123
2025-01-17 03:00,37.08695227920423
2025-01-17 04:00,29.353984665942086
2025-01-17 05:00,21.595919562023074
2025-01-17 06:00,10.11163471912319
2025-01-17 07:00,10.470205584239546
2025-01-17 08:00,8.149373376842266
2025-01-17 09:00,6.133729175416546
2025-01-17 10:00,2.8794683458798627
2025-01-17 11:00,1.6022239531831675
2025-01-17 12:00,3.9558753030701235
2025-01-17 13:00,4.5629637438642385
2025-01-17 14:00,5.450387793028022
2025-01-17 15:00,8.747975616061137
2025-01-17 16:00,2.8549545111474726
2025-01-17 17:00,8.643476683704524
2025-01-17 18:00,8.92698837226108
2025-01-17 19:00,15.6726730428319
2025-01-17 20:00,17.440639872310467
2025-01-17 21:00,18.38228808617908
2025-01-17 22:00,17.11566993663182
2025-01-17 23:00,14.85432765815062
2025-01-18 00:00,11.632574204641145
2025-01-18 01:00,19.227060259413058
2025-01-18 02:00,20.87704956688952
2025-01-18 03:00,24.646693016654602
2025-01-18 04:00,24.624332272189584
2025-01-18 05:00,20.055883881567276
2025-01-18 06:00,22.465020926682108
2025-01-18 07:00,21.936674224655647
2025-01-18 08:00,18.154620447445513
2025-01-18 09:00,8.215796063782337
2025-01-18 10:00,2.7756488268011434
2025-01-18 11:00,0.20834177969398548
2025-01-18 12:00,0.9534059588188002
2025-01-18 13:00,0.6848525292233001
2025-01-18 14:00,1.3342197654325318
2025-01-18 15:00,3.3724345781528013
2025-01-18 16:00,3.3826021640927433
2025-01-18 17:00,2.787482643379789
2025-01-18 18:00,7.910434064906252
2025-01-18 19:00,8.05725332661207
2025-01-18 20:00,9.746424065120568
2025-01-18 21:00,7.4815270772910365
2025-01-18 22:00,8.45768173772759
2025-01-18 23:00,2.311610421817286
2025-01-19 00:00,10.588973422233845
2025-01-19 01:00,10.391713406844397
2025-01-19 02:00,14.044316864497858
2025-01-19 03:00,12.71802716683864
2025-01-19 04:00,10.373961531769751
2025-01-19 05:00,12.906847399637291
2025-01-19 06:00,7.646843074379378
2025-01-19 07:00,4.014894053001218
2025-01-19 08:00,1.9667399404974688
2025-01-19 09:00,2.9541913571142366
2025-01-19 10:00,1.7373813898388377
2025-01-19 11:00,0.4438453834604619
2025-01-19 12:00,1.078737055249928
2025-01-19 13:00,4.69112809813698
2025-01-19 14:00,6.087227612352889
2025-01-19 15:00,5.986362123858916
2025-01-19 16:00,7.11963474786102
2025-01-19 17:00,7.319319566512788
2025-01-19 18:00,3.3342925952093534
2025-01-19 19:00,6.741802544602425
2025-01-19 20:00,8.772632660610988
2025-01-19 21:00,15.134975570811797
2025-01-19 22:00,9.857690049867596
2025-01-19 23:00,11.854439695191747
2025-01-20 00:00,7.081711214036606
2025-01-20 01:00,6.580930056053684
2025-01-20 02:00,8.465682324935393
2025-01-20 03:00,6.079237398927053
2025-01-20 04:00,3.4401567789366556
2025-01-20 05:00,2.660337123283953
2025-01-20 06:00,3.525270791154939
2025-01-20 07:00,5.8115650019212035
2025-01-20 08:00,2.119170524989433
2025-01-20 09:00,6.331837133757447
2025-01-20 10:00,2.7317087325728457
2025-01-20 11:00,9.779580652079366
2025-01-20 12:00,10.494343369067282
2025-01-20 13:00,10.505871304589759
2025-01-20 14:00,10.076928935450802
2025-01-20 15:00,8.069247957403253
2025-01-20 16:00,11.1093311462791
2025-01-20 17:00,10.320010190759366
2025-01-20 18:00,10.930364997240456
2025-01-20 19:00,9.427602566853695
2025-01-20 20:00,8.646286185695473
2025-01-20 21:00,8.922599539832756
2025-01-20 22:00,10.428274734907323
2025-01-20 23:00,8.45966266147597
2025-01-21 00:00,14.338768813858852
2025-01-21 01:00,14.954200328203623
2025-01-21 02:00,6.128569164082187
2025-01-21 03:00,13.710148660861952
2025-01-21 04:00,14.266531229751246
2025-01-21 05:00,8.986939921430336
2025-01-21 06:00,8.54783453055369
2025-01-21 07:00,5.608974448029383
2025-01-21 08:00,3.713376184667191
2025-01-21 09:00,6.505405145103096
2025-01-21 10:00,1.9269281121729147
2025-01-21 11:00,2.316612147809839
2025-01-21 12:00,2.84183147747578
2025-01-21 13:00,1.906079127915842
2025-01-21 14:00,3.09455005485498
2025-01-21 15:00,3.9727889310408373
2025-01-21 16:00,3.511910497085659
2025-01-21 17:00,4.651213282699801
2025-01-21 18:00,4.816504405457922
2025-01-21 19:00,3.7828384324978916
2025-01-21 20:00,3.45900726513874
2025-01-21 21:00,3.762588683407458
2025-01-21 22:00,4.57029884526365
2025-01-21 23:00,10.283063396580456
2025-01-22 00:00,5.146839278651033
2025-01-22 01:00,4.597535330934813
2025-01-22 02:00,4.60482238592085
2025-01-22 03:00,4.764840521346561
2025-01-22 04:00,10.984820747310353
2025-01-22 05:00,13.257051186484732
2025-01-22 06:00,6.392071493462204
2025-01-22 07:00,3.2227053612383028
2025-01-22 08:00,0.0
2025-01-22 09:00,4.7718069785981285
2025-01-22 10:00,0.09004399579306366
2025-01-22 11:00,5.616207960368276
2025-01-22 12:00,2.2847651370345274
2025-01-22 13:00,2.59634402761176
2025-01-22 14:00,5.406245681712628
2025-01-22 15:00,4.968705422269547
2025-01-22 16:00,2.3838428749789995
2025-01-22 17:00,2.8092210413968637
2025-01-22 18:00,3.354815817068305
2025-01-22 19:00,3.0444568360115163
2025-01-22 20:00,2.963185363385344
2025-01-22 21:00,3.1817890441075436
2025-01-22 22:00,3.106363412645714
2025-01-22 23:00,6.669795043496558
2025-01-23 00:00,15.056731435246594
2025-01-23 01:00,21.48505511980199
2025-01-23 02:00,15.92982056912902
2025-01-23 03:00,12.875243271149671
2025-01-23 04:00,8.848285307420483
2025-01-23 05:00,3.3097468573005093
2025-01-23 06:00,3.7163995431319257
2025-01-23 07:00,3.193284297576989
2025-01-23 08:00,0.5467011037721266
2025-01-23 09:00,2.805201638889754
2025-01-23 10:00,6.76817354685944
2025-01-23 11:00,0.8963106258932605
2025-01-23 12:00,0.0
2025-01-23 13:00,1.7731996471378024
2025-01-23 14:00,3.516307472556795
2025-01-23 15:00,4.7998375314323765
2025-01-23 16:00,6.202765162062793
2025-01-23 17:00,10.449773462149
2025-01-23 18:00,6.720494214784841
2025-01-23 19:00,11.154964829111112
2025-01-23 20:00,19.52068835676338
2025-01-23 21:00,23.80133677218975
2025-01-23 22:00,20.31715724759389
2025-01-23 23:00,17.797633682045277
2025-01-24 00:00,19.96493799764358
2025-01-24 01:00,21.274664815176628
2025-01-24 02:00,15.458414336905328
2025-01-24 03:00,18.82156810276105
2025-01-24 04:00,24.72406440176707
2025-01-24 05:00,23.89646099600598
2025-01-24 06:00,26.460757327925336
2025-01-24 07:00,23.753265467069014
2025-01-24 08:00,21.416165852777702
2025-01-24 09:00,6.431370687905302
2025-01-24 10:00,3.452490947888328
2025-01-24 11:00,2.109096986432484
2025-01-24 12:00,0.7080038267279214
2025-01-24 13:00,7.640073687785309
2025-01-24 14:00,13.040938604237276
2025-01-24 15:00,11.511293256396538
2025-01-24 16:00,15.662337516409428
2025-01-24 17:00,14.853546810317358
2025-01-24 18:00,9.660466298079209
2025-01-24 19:00,13.252815734615474
2025-01-24 20:00,16.43435823956503
2025-01-24 21:00,22.47143792986131
2025-01-24 22:00,22.024994721545205
2025-01-24 23:00,16.95444096432297
2025-01-25 00:00,15.655316290569093
2025-01-25 01:00,20.505359110414343
2025-01-25 02:00,21.869171449698026
2025-01-25 03:00,13.186116533376786
2025-01-25 04:00,13.668564560134715
2025-01-25 05:00,14.273427708497326
2025-01-25 06:00,10.59507917034902
2025-01-25 07:00,13.247241882032384
2025-01-25 08:00,13.05352114799555
2025-01-25 09:00,6.050743148573847
2025-01-25 10:00,4.238436485599224
2025-01-25 11:00,3.7928748600375135
2025-01-25 12:00,3.607282972103002
2025-01-25 13:00,2.19239739024791
2025-01-25 14:00,1.5130568855086883
2025-01-25 15:00,2.7149138201819025
2025-01-25 16:00,8.118681812227978
2025-01-25 17:00,6.848934265002067
2025-01-25 18:00,6.658042331259269
2025-01-25 19:00,6.2803114447581265
2025-01-25 20:00,7.810291452124822
2025-01-25 21:00,10.39114583830133
2025-01-25 22:00,8.399540529248341
2025-01-25 23:00,13.332125056137464
2025-01-26 00:00,4.607239744755062
2025-01-26 01:00,4.376470614161658
2025-01-26 02:00,8.844591260367752
2025-01-26 03:00,15.057819272064297
2025-01-26 04:00,19.50833791959562
2025-01-26 05:00,20.377123462634128
2025-01-26 06:00,17.421024795646858
2025-01-26 07:00,8.73816851319328
2025-01-26 08:00,6.082593525119596
2025-01-26 09:00,1.66929215366478
2025-01-26 10:00,0.0
2025-01-26 11:00,0.0
2025-01-26 12:00,3.3303558937273907
2025-01-26 13:00,1.6774112083610984
2025-01-26 14:00,2.9610646514330847
2025-01-26 15:00,3.6104491326588564
2025-01-26 16:00,5.009647679437112
2025-01-26 17:00,4.060550503407759
2025-01-26 18:00,4.42152658222026
2025-01-26 19:00,5.004570940000751
2025-01-26 20:00,6.070345007977957
2025-01-26 21:00,5.1331902180537305
2025-01-26 22:00,3.3669697237410636
2025-01-26 23:00,8.982153534479725
2025-01-27 00:00,8.370895543789892
2025-01-27 01:00,11.759634091857865
2025-01-27 02:00,12.288582312635372
2025-01-27 03:00,8.041111812103917
2025-01-27 04:00,19.438337425819547
2025-01-27 05:00,22.162144215301876
2025-01-27 06:00,31.74727846022008
2025-01-27 07:00,24.666654214502085
2025-01-27 08:00,32.45466334079962
2025-01-27 09:00,27.335932253096068
2025-01-27 10:00,38.964410405604305
2025-01-27 11:00,44.0993562819143
2025-01-27 12:00,38.07065820876687
2025-01-27 13:00,28.304003678241735
2025-01-27 14:00,35.72391050503676
2025-01-27 15:00,30.769900413554613
2025-01-27 16:00,46.927231055794515
2025-01-27 17:00,43.68658945585883
2025-01-27 18:00,41.75384745915943
2025-01-27 19:00,43.11738397385971
2025-01-27 20:00,41.60004112456448
2025-01-27 21:00,33.725449268907326
2025-01-27 22:00,51.97633758150568
2025-01-27 23:00,51.30112149255215
2025-01-28 00:00,42.622466893744715
2025-01-28 01:00,49.9840650900897
2025-01-28 02:00,56.01612826466221
2025-01-28 03:00,49.429445992531
2025-01-28 04:00,49.80332410795979
2025-01-28 05:00,52.56959628309124
2025-01-28 06:00,48.65015063820784
2025-01-28 07:00,50.967939424973935
2025-01-28 08:00,42.26871342108366
2025-01-28 09:00,49.92510673953576
2025-01-28 10:00,48.996459983882545
2025-01-28 11:00,52.01031600824993
2025-01-28 12:00,50.29170786025787
2025-01-28 13:00,52.84906066629942
2025-01-28 14:00,55.52820114625838
2025-01-28 15:00,56.59748672791909
2025-01-28 16:00,48.28515092228049
2025-01-28 17:00,48.40330711811375
2025-01-28 18:00,49.020763012266045
2025-01-28 19:00,50.29316790372729
2025-01-28 20:00,47.249877198008605
2025-01-28 21:00,47.9553118946171
2025-01-28 22:00,45.73426380508602
2025-01-28 23:00,45.4853264368497
2025-01-29 00:00,46.60570040302568
2025-01-29 01:00,47.773432361389105
2025-01-29 02:00,42.10734613708251
2025-01-29 03:00,41.795449574088174
2025-01-29 04:00,49.45263427192182
2025-01-29 05:00,46.99213813422575
2025-01-29 06:00,43.34932950137347
2025-01-29 07:00,44.61671396148755
2025-01-29 08:00,44.07250187971861
2025-01-29 09:00,47.70543950854204
2025-01-29 10:00,40.70882268508201
2025-01-29 11:00,50.34080666886641
2025-01-29 12:00,54.453269860757565
2025-01-29 13:00,48.45776640867566
2025-01-29 14:00,50.863129998070924
2025-01-29 15:00,48.38342582896607
2025-01-29 16:00,47.13909787547354
2025-01-29 17:00,49.22728707374894
2025-01-29 18:00,41.73740507316317
2025-01-29 19:00,43.342527610996356
2025-01-29 20:00,33.35389344466594
2025-01-29 21:00,35.290409396995855
2025-01-29 22:00,25.156360978584086
2025-01-29 23:00,30.373242997849967
2025-01-30 00:00,16.371521903383055
2025-01-30 01:00,14.859549506344539
2025-01-30 02:00,8.317216257798052
2025-01-30 03:00,9.132557152244381
2025-01-30 04:00,2.9731348008040452
2025-01-30 05:00,4.620535480570268
2025-01-30 06:00,9.136696343750618
2025-01-30 07:00,12.69207974347454
2025-01-30 08:00,8.224738709059555
2025-01-30 09:00,8.576765129062641
2025-01-30 10:00,2.6645678034327327
2025-01-30 11:00,1.2422390974196764
2025-01-30 12:00,0.3850689045877589
2025-01-30 13:00,1.3182018084883174
2025-01-30 14:00,1.8657723547809857
2025-01-30 15:00,1.1090627230412649
2025-01-30 16:00,3.2551224965702774
2025-01-30 17:00,4.846006226057854
2025-01-30 18:00,6.916656665281116
2025-01-30 19:00,4.472464099746418
2025-01-30 20:00,0.0
2025-01-30 21:00,0.8811057343096635
2025-01-30 22:00,2.726355148986089
2025-01-30 23:00,8.368032184938437
2025-01-31 00:00,0.0
2025-01-31 01:00,0.879226824855742
2025-01-31 02:00,2.8590607271290764
2025-01-31 03:00,0.6223429075200055
2025-01-31 04:00,4.316227318075744
2025-01-31 05:00,0.2704055093061495
2025-01-31 06:00,0.0
2025-01-31 07:00,0.08556919765035964
2025-01-31 08:00,0.5727254485851043
2025-01-31 09:00,1.8812564494682498
2025-01-31 10:00,3.5304812462996313
2025-01-31 11:00,5.397097208418905
2025-01-31 12:00,9.755941486848876
2025-01-31 13:00,14.217529046756876
2025-01-31 14:00,12.964339101284843
2025-01-31 15:00,5.020058243471789
2025-01-31 16:00,6.519575695492916
2025-01-31 17:00,4.5589082787148625
2025-01-31 18:00,10.089491341553114
2025-01-31 19:00,10.438537077127053
2025-01-31 20:00,11.455857531099689
2025-01-31 21:00,7.890379205781782
2025-01-31 22:00,6.351739317680291
2025-01-31 23:00,8.021088434096285
2025-02-01 00:00,11.131413445840174
2025-02-01 01:00,4.601769338786295
2025-02-01 02:00,4.88573020066386
2025-02-01 03:00,4.78602204440968
2025-02-01 04:00,3.7703847657325764
2025-02-01 05:00,11.029069534095798
2025-02-01 06:00,14.147436405147733
2025-02-01 07:00,10.431120955243125
2025-02-01 08:00,5.308831623195966
2025-02-01 09:00,1.019327462685967
2025-02-01 10:00,2.702842636594286
2025-02-01 11:00,4.472888142931133
2025-02-01 12:00,5.210905027116723
2025-02-01 13:00,8.163212665694248
2025-02-01 14:00,10.820104598369207
2025-02-01 15:00,5.7631350142004525
2025-02-01 16:00,4.779265501539663
2025-02-01 17:00,7.556534115770239
2025-02-01 18:00,9.173366121089904
2025-02-01 19:00,11.229341796330356
2025-02-01 20:00,11.410909429382363
2025-02-01 21:00,16.007103167272493
2025-02-01 22:00,19.83891306533654
2025-02-01 23:00,17.060262249295477
2025-02-02 00:00,23.110570618166705
2025-02-02 01:00,25.203610408409176
2025-02-02 02:00,11.952061400194719
2025-02-02 03:00,12.178035454178126
2025-02-02 04:00,11.891766869010478
2025-02-02 05:00,9.062974496446861
2025-02-02 06:00,9.79683653460915
2025-02-02 07:00,12.092892954408585
2025-02-02 08:00,11.684705120623416
2025-02-02 09:00,9.391542454519918
2025-02-02 10:00,9.876592161814767
2025-02-02 11:00,12.609547028730145
2025-02-02 12:00,7.917656282228153
2025-02-02 13:00,5.442378764203562
2025-02-02 14:00,6.721860409057102
2025-02-02 15:00,8.206326285756326
2025-02-02 16:00,14.525501088020372
2025-02-02 17:00,21.114369679722586
2025-02-02 18:00,16.06484503805894
2025-02-02 19:00,18.82356444105263
2025-02-02 20:00,20.201644968959176
2025-02-02 21:00,18.650382039839524
2025-02-02 22:00,15.339890884764479
2025-02-02 23:00,19.361680057197585
2025-02-03 00:00,24.545228528109305
2025-02-03 01:00,32.731730464567484
2025-02-03 02:00,30.6821237355141
2025-02-03 03:00,34.223897659878425
2025-02-03 04:00,48.374565698451285
2025-02-03 05:00,53.77978657891284
2025-02-03 06:00,56.288582923756664
2025-02-03 07:00,55.21995431926182
2025-02-03 08:00,55.02019738427444
2025-02-03 09:00,58.63599683413501
2025-02-03 10:00,50.879762657939736
2025-02-03 11:00,56.03544674777382
2025-02-03 12:00,56.85831685204158
2025-02-03 13:00,54.286481195859295
2025-02-03 14:00,50.10017165112486
2025-02-03 15:00,55.869880396636646
2025-02-03 16:00,57.11709858226216
2025-02-03 17:00,55.90803141050414
2025-02-03 18:00,54.998229428618075
2025-02-03 19:00,56.68513026560895
2025-02-03 20:00,57.44952052304818
2025-02-03 21:00,59.839984373343825
2025-02-03 22:00,54.25099105383788
2025-02-03 23:00,57.01507589044129
2025-02-04 00:00,54.29795739535295
2025-02-04 01:00,54.24058771958041
2025-02-04 02:00,55.8581809401096
2025-02-04 03:00,54.33208459326419
2025-02-04 04:00,57.468105088603195
2025-02-04 05:00,54.865891755926214
2025-02-04 06:00,52.29612504540749
2025-02-04 07:00,51.592878472447445
2025-02-04 08:00,50.555035066905056
2025-02-04 09:00,48.717810152054945
2025-02-04 10:00,50.00478021711496
2025-02-04 11:00,51.035132829642905
2025-02-04 12:00,50.73892196468215
2025-02-04 13:00,50.23783776349613
2025-02-04 14:00,53.24673788624484
2025-02-04 15:00,52.522139309429974
2025-02-04 16:00,49.59119244148741
2025-02-04 17:00,51.50470156234081
2025-02-04 18:00,43.1410760432373
2025-02-04 19:00,54.90260606491544
2025-02-04 20:00,52.9444788511216
2025-02-04 21:00,54.948566354035016
2025-02-04 22:00,52.56921230747997
2025-02-04 23:00,48.09900397893758
2025-02-05 00:00,48.65355848560188
2025-02-05 01:00,44.31049044882174
2025-02-05 02:00,47.394152451393104
2025-02-05 03:00,45.39645254072707
2025-02-05 04:00,50.04379596362957
2025-02-05 05:00,48.145459470823035
2025-02-05 06:00,26.87493580121854
2025-02-05 07:00,29.666982821957582
2025-02-05 08:00,31.87023007702213
2025-02-05 09:00,27.14020679335899
2025-02-05 10:00,19.821036083189437
2025-02-05 11:00,19.74507442451774
2025-02-05 12:00,22.516725958880535
2025-02-05 13:00,26.23345079730117
2025-02-05 14:00,36.351610170109815
2025-02-05 15:00,36.547781931240436
2025-02-05 16:00,31.27111913688211
2025-02-05 17:00,38.83896077690145
2025-02-05 18:00,51.27788804486239
2025-02-05 19:00,55.70653545514327
2025-02-05 20:00,45.14994676971346
2025-02-05 21:00,54.198563767746144
2025-02-05 22:00,51.00846869179943
2025-02-05 23:00,50.81399068945145
2025-02-06 00:00,49.865904850616076
2025-02-06 01:00,50.30262635239065
2025-02-06 02:00,38.98793517870552
2025-02-06 03:00,30.51011115927131
2025-02-06 04:00,28.36177490752607
2025-02-06 05:00,15.925014470578947
2025-02-06 06:00,17.366993399753575
2025-02-06 07:00,16.029103589426278
2025-02-06 08:00,9.139195017141319
2025-02-06 09:00,7.338105713396054
2025-02-06 10:00,16.127544124581338
2025-02-06 11:00,11.07474525117902
2025-02-06 12:00,13.349097570502614
2025-02-06 13:00,30.493283227810586
2025-02-06 14:00,33.48400155162318
2025-02-06 15:00,31.413232254727824
2025-02-06 16:00,22.405082401714065
2025-02-06 17:00,21.586720972798837
2025-02-06 18:00,26.592937445383363
2025-02-06 19:00,35.02243543902383
2025-02-06 20:00,29.64259030972809
2025-02-06 21:00,50.37180429305793
2025-02-06 22:00,50.14417500895574
2025-02-06 23:00,47.4892984517831
2025-02-07 00:00,17.773289254008027
2025-02-07 01:00,2.084206809023825
2025-02-07 02:00,15.588898377726295
2025-02-07 03:00,5.373961440708744
2025-02-07 04:00,6.047995455315702
2025-02-07 05:00,13.986105929408215
2025-02-07 06:00,22.988293144768523
2025-02-07 07:00,16.550491422711445
2025-02-07 08:00,38.542828181386085
2025-02-07 09:00,50.968027048578136
2025-02-07 10:00,42.690269933172544
2025-02-07 11:00,50.266450410469055
2025-02-07 12:00,49.58294143334844
2025-02-07 13:00,49.81741660704798
2025-02-07 14:00,49.27281733477313
2025-02-07 15:00,55.230012720887274
2025-02-07 16:00,47.71699281714715
2025-02-07 17:00,54.54868067300258
2025-02-07 18:00,55.53214182678039
2025-02-07 19:00,60.66601816589859
2025-02-07 20:00,59.8919494964736
2025-02-07 21:00,57.44359083055194
2025-02-07 22:00,57.491136187281214
2025-02-07 23:00,54.14527241994337
2025-02-08 00:00,49.396724573306095
2025-02-08 01:00,47.87759861971636
2025-02-08 02:00,45.52758616178214
2025-02-08 03:00,28.01250120049416
2025-02-08 04:00,31.00940180009105
2025-02-08 05:00,30.328914412759016
2025-02-08 06:00,27.291907217385006
2025-02-08 07:00,27.507933504824422
2025-02-08 08:00,31.322480514343003
2025-02-08 09:00,23.069577588759717
2025-02-08 10:00,32.08135952830257
2025-02-08 11:00,42.84915022995389
2025-02-08 12:00,56.76444961815495
2025-02-08 13:00,40.17245091817321
2025-02-08 14:00,50.880165371328204
2025-02-08 15:00,45.03743518050994
2025-02-08 16:00,37.17983096840678
2025-02-08 17:00,31.979014725762113
2025-02-08 18:00,29.610476692899752
2025-02-08 19:00,22.589526554725605
2025-02-08 20:00,19.812309057369532
2025-02-08 21:00,13.906162492786615
2025-02-08 22:00,8.755317308163072
2025-02-08 23:00,7.754620574336714
2025-02-09 00:00,11.986280323968263
2025-02-09 01:00,9.914133841062482
2025-02-09 02:00,9.47515516957638
2025-02-09 03:00,9.330200783305681
2025-02-09 04:00,12.343908621615928
2025-02-09 05:00,11.02866576053555
2025-02-09 06:00,9.408092134582692
2025-02-09 07:00,11.107569360968164
2025-02-09 08:00,9.61892154284468
2025-02-09 09:00,8.413532747594594
2025-02-09 10:00,13.448406157766314
2025-02-09 11:00,11.26276794467872
2025-02-09 12:00,10.167234717361689
2025-02-09 13:00,7.309122484979438
2025-02-09 14:00,7.612856502005977
2025-02-09 15:00,13.368696304231648
2025-02-09 16:00,17.341261733036166
2025-02-09 17:00,13.882315677569217
2025-02-09 18:00,17.299074615789277
2025-02-09 19:00,21.14181422096106
2025-02-09 20:00,21.743601194845244
2025-02-09 21:00,24.275520531205323
2025-02-09 22:00,19.73709258748682
2025-02-09 23:00,23.21434646237956
2025-02-10 00:00,7.551285788025446
2025-02-10 01:00,11.797468276400757
2025-02-10 02:00,19.35345773121719
2025-02-10 03:00,24.176590878840884
2025-02-10 04:00,20.014409941444395
2025-02-10 05:00,9.309061299658588
2025-02-10 06:00,5.498973428527292
2025-02-10 07:00,7.477219315007168
2025-02-10 08:00,1.7867099034991112
2025-02-10 09:00,2.0547702518344373
2025-02-10 10:00,0.7605977503449477
2025-02-10 11:00,0.0
2025-02-10 12:00,2.290330360491918
2025-02-10 13:00,5.472527724680775
2025-02-10 14:00,4.841090309924352
2025-02-10 15:00,8.982283518010362
2025-02-10 16:00,8.762002965381157
2025-02-10 17:00,8.91748476692838
2025-02-10 18:00,12.39632279461345
2025-02-10 19:00,21.487720465191153
2025-02-10 20:00,11.582653079951502
2025-02-10 21:00,4.974738408102652
2025-02-10 22:00,5.632774040414941
2025-02-10 23:00,3.644086628629079
2025-02-11 00:00,4.664246760982923
2025-02-11 01:00,4.035350428219425
2025-02-11 02:00,2.931774736335046
2025-02-11 03:00,2.100764506444211
2025-02-11 04:00,2.614886108359271
2025-02-11 05:00,3.659090750067082
2025-02-11 06:00,5.597328919164052
2025-02-11 07:00,4.945618666088365
2025-02-11 08:00,5.2043774502847855
2025-02-11 09:00,0.17670758280162868
2025-02-11 10:00,0.0
2025-02-11 11:00,0.0
2025-02-11 12:00,0.0
2025-02-11 13:00,0.0
2025-02-11 14:00,0.3264246913446024
2025-02-11 15:00,0.15556252167107681
2025-02-11 16:00,0.8052464898251954
2025-02-11 17:00,1.647560195257
2025-02-11 18:00,5.309423590324744
2025-02-11 19:00,5.154075976791414
2025-02-11 20:00,1.4234708033761372
2025-02-11 21:00,5.258624122867779
2025-02-11 22:00,6.9368085949432965
2025-02-11 23:00,4.594672333461948
2025-02-12 00:00,3.1101398065013575
2025-02-12 01:00,7.051628815566502
2025-02-12 02:00,1.556588420040229
2025-02-12 03:00,2.585667319910251
2025-02-12 04:00,4.606670630353426
2025-02-12 05:00,3.9823141501064594
2025-02-12 06:00,5.774779716365313
2025-02-12 07:00,6.109752294509764
2025-02-12 08:00,9.310576661050856
2025-02-12 09:00,8.485202366581502
2025-02-12 10:00,10.82088488180129
2025-02-12 11:00,8.23545025242911
2025-02-12 12:00,10.605839933684175
2025-02-12 13:00,17.024414825614265
2025-02-12 14:00,29.1028816794113
2025-02-12 15:00,29.408525914409452
2025-02-12 16:00,31.24237382135466
2025-02-12 17:00,50.612295809317295
2025-02-12 18:00,54.41986627035567
2025-02-12 19:00,54.38295170559364
2025-02-12 20:00,52.48732980185586
2025-02-12 21:00,59.641725313375446
2025-02-12 22:00,58.38370819071648
2025-02-12 23:00,57.942314252906336
2025-02-13 00:00,56.79840206023093
2025-02-13 01:00,54.4496058910124
2025-02-13 02:00,55.34837876803567
2025-02-13 03:00,47.35054038390246
2025-02-13 04:00,41.41373669909752
2025-02-13 05:00,26.498462030844294
2025-02-13 06:00,22.34595946016234
2025-02-13 07:00,17.849475250866853
2025-02-13 08:00,16.89621103947054
2025-02-13 09:00,5.345393096386987
2025-02-13 10:00,1.2222795200926648
2025-02-13 11:00,5.206048649680584
2025-02-13 12:00,5.929887373041756
2025-02-13 13:00,6.806072277313177
2025-02-13 14:00,7.974981943661865
2025-02-13 15:00,10.233391019608446
2025-02-13 16:00,12.076259988376187
2025-02-13 17:00,12.722504273459428
2025-02-13 18:00,11.348042570748447
2025-02-13 19:00,15.09124112834379
2025-02-13 20:00,12.499676374818808
2025-02-13 21:00,4.376123163219639
2025-02-13 22:00,11.470362279466205
2025-02-13 23:00,12.352223337030635
2025-02-14 00:00,10.905437063872093
2025-02-14 01:00,10.584421669702055
2025-02-14 02:00,12.566195409382027
2025-02-14 03:00,20.701978684791662
2025-02-14 04:00,12.066947019731685
2025-02-14 05:00,6.650136232562807
2025-02-14 06:00,4.966942881504067
2025-02-14 07:00,7.50589028418805
2025-02-14 08:00,4.516802048148688
2025-02-14 09:00,2.8845112046723465
2025-02-14 10:00,4.383333614841742
2025-02-14 11:00,5.54633673996542
2025-02-14 12:00,2.5128859295542387
2025-02-14 13:00,3.0512893093264246
2025-02-14 14:00,3.7546403863973032
2025-02-14 15:00,3.613374956722839
2025-02-14 16:00,4.217721679227409
2025-02-14 17:00,4.061145922772092
2025-02-14 18:00,6.242898044824188
2025-02-14 19:00,6.39110954894751
2025-02-14 20:00,3.757481148076117
2025-02-14 21:00,4.2287444024931
2025-02-14 22:00,6.4030643144548645
2025-02-14 23:00,8.0312228491922
2025-02-15 00:00,8.897044691003524
2025-02-15 01:00,2.5716874810517565
2025-02-15 02:00,2.2662045198742797
2025-02-15 03:00,3.8509392356992143
2025-02-15 04:00,5.365838914718953
2025-02-15 05:00,5.569424038152259
2025-02-15 06:00,2.0472876399752558
2025-02-15 07:00,4.618243644636071
2025-02-15 08:00,1.5122418725787279
2025-02-15 09:00,1.4236691308331806
2025-02-15 10:00,1.639981340968298
2025-02-15 11:00,0.9437575889527838
2025-02-15 12:00,4.553743136974957
2025-02-15 13:00,4.657740345729619
2025-02-15 14:00,4.051523988144071
2025-02-15 15:00,6.673710747731117
2025-02-15 16:00,7.7374388259174465
2025-02-15 17:00,5.740194711687682
2025-02-15 18:00,5.205422516161725
2025-02-15 19:00,4.874391096924553
2025-02-15 20:00,4.395565851426491
2025-02-15 21:00,5.829548736600392
2025-02-15 22:00,7.04919974199515
2025-02-15 23:00,6.106988765871569
2025-02-16 00:00,6.487640949184995
2025-02-16 01:00,10.973657692872445
2025-02-16 02:00,6.976771793389643
2025-02-16 03:00,3.4288578752922296
2025-02-16 04:00,6.975484329336185
2025-02-16 05:00,9.125500942623862
2025-02-16 06:00,8.263776767385455
2025-02-16 07:00,9.207102615859103
2025-02-16 08:00,12.560435466290915
2025-02-16 09:00,8.209959706125957
2025-02-16 10:00,5.679093218253456
2025-02-16 11:00,10.616454050268409
2025-02-16 12:00,9.610529524902546
2025-02-16 13:00,13.103338561654079
2025-02-16 14:00,15.39075885146076
2025-02-16 15:00,20.07081126591772
2025-02-16 16:00,23.203703607664416
2025-02-16 17:00,16.26486484604154
2025-02-16 18:00,24.492295577850474
2025-02-16 19:00,19.73166817144345
2025-02-16 20:00,30.467584913092683
2025-02-16 21:00,39.45781516001215
2025-02-16 22:00,35.28375690756051
2025-02-16 23:00,40.91423012792108
2025-02-17 00:00,53.7444545544147
2025-02-17 01:00,55.59157638137155
2025-02-17 02:00,54.056564320042675
2025-02-17 03:00,51.02350524059697
2025-02-17 04:00,43.75667969556402
2025-02-17 05:00,37.80311436081749
2025-02-17 06:00,48.071461529558356
2025-02-17 07:00,48.25768956273202
2025-02-17 08:00,36.38826420994137
2025-02-17 09:00,33.96973183582999
2025-02-17 10:00,41.108887039426925
2025-02-17 11:00,45.78922096507309
2025-02-17 12:00,44.12290252658991
2025-02-17 13:00,42.331408830633805
2025-02-17 14:00,42.268595101439
2025-02-17 15:00,40.85356674127838
2025-02-17 16:00,42.62798899791778
2025-02-17 17:00,44.41450899161456
2025-02-17 18:00,39.451122671947005
2025-02-17 19:00,38.10517669061301
2025-02-17 20:00,38.67183651348559
2025-02-17 21:00,37.250380186002374
2025-02-17 22:00,36.47353491249773
2025-02-17 23:00,35.08986521208894
2025-02-18 00:00,45.65662693958539
2025-02-18 01:00,48.30363246972608
2025-02-18 02:00,43.616053134398705
2025-02-18 03:00,38.48250451323967
2025-02-18 04:00,44.11970880717798
2025-02-18 05:00,50.50513396531346
2025-02-18 06:00,47.99667704882813
2025-02-18 07:00,45.087970903644006
2025-02-18 08:00,34.657091156771116
2025-02-18 09:00,43.67924536319441
2025-02-18 10:00,39.14463532722864
2025-02-18 11:00,46.19151066781608
2025-02-18 12:00,43.089909416612734
2025-02-18 13:00,43.61697375938201
2025-02-18 14:00,43.324331531344704
2025-02-18 15:00,41.19677345386345
2025-02-18 16:00,39.69906066657855
2025-02-18 17:00,43.49442017438225
2025-02-18 18:00,38.34088644816791
2025-02-18 19:00,33.613581307510366
2025-02-18 20:00,41.80070099014382
2025-02-18 21:00,47.393407245996855
2025-02-18 22:00,45.052056391232526
2025-02-18 23:00,48.54499524327235
2025-02-19 00:00,52.23170720635474
2025-02-19 01:00,45.75789696243815
2025-02-19 02:00,41.148543212563986
2025-02-19 03:00,35.88179387177083
2025-02-19 04:00,28.50244081830086
2025-02-19 05:00,40.98160530838806
2025-02-19 06:00,37.863618077892
2025-02-19 07:00,38.95041037970459
2025-02-19 08:00,45.461402876136255
2025-02-19 09:00,45.794064143713165
2025-02-19 10:00,44.79728622206682
2025-02-19 11:00,43.45025643164272
2025-02-19 12:00,43.74958944531196
2025-02-19 13:00,40.4188743217917
2025-02-19 14:00,38.698043738669995
2025-02-19 15:00,41.719530983331374
2025-02-19 16:00,41.958876819675645
2025-02-19 17:00,45.32782958312218
2025-02-19 18:00,37.28804237374594
2025-02-19 19:00,37.54076500168431
2025-02-19 20:00,35.43352779300402
2025-02-19 21:00,30.38704457363203
2025-02-19 22:00,33.76577658766121
2025-02-19 23:00,29.623043316159386
2025-02-20 00:00,33.39094178459726
2025-02-20 01:00,28.2863264969196
2025-02-20 02:00,27.85894974595964
2025-02-20 03:00,29.264693951930994
2025-02-20 04:00,27.85901024198803
2025-02-20 05:00,27.096211358750207
2025-02-20 06:00,20.596402098790676
2025-02-20 07:00,14.586966895055678
2025-02-20 08:00,12.935783573090891
2025-02-20 09:00,10.310094049941668
2025-02-20 10:00,12.475624723820854
2025-02-20 11:00,25.873661401354923
2025-02-20 12:00,23.766697654284304
2025-02-20 13:00,33.522060291744864
2025-02-20 14:00,31.659465102939887
2025-02-20 15:00,34.992221172584614
2025-02-20 16:00,37.173988632737476
2025-02-20 17:00,34.68169236931636
2025-02-20 18:00,30.174930277141236
2025-02-20 19:00,37.930811700957356
2025-02-20 20:00,44.582978089161855
2025-02-20 21:00,45.411516776724234
2025-02-20 22:00,42.06509029664159
2025-02-20 23:00,45.66847199208902
2025-02-21 00:00,40.71317344217567
2025-02-21 01:00,46.31335313994235
2025-02-21 02:00,38.075044905222946
2025-02-21 03:00,32.31871526938683
2025-02-21 04:00,31.42341564172286
2025-02-21 05:00,24.672793634988825
2025-02-21 06:00,23.269754227799616
2025-02-21 07:00,23.99918956683773
2025-02-21 08:00,20.04225132683604
2025-02-21 09:00,15.54613046920029
2025-02-21 10:00,16.285107653001837
2025-02-21 11:00,18.665024315670387
2025-02-21 12:00,23.183626525853928
2025-02-21 13:00,26.58717387365652
2025-02-21 14:00,24.642593832585934
2025-02-21 15:00,33.9032459532112
2025-02-21 16:00,34.41972685751724
2025-02-21 17:00,33.61534214538831
2025-02-21 18:00,38.195930386234956
2025-02-21 19:00,36.76627485258504
2025-02-21 20:00,29.78667872312226
2025-02-21 21:00,32.67009441159437
2025-02-21 22:00,30.732985401834114
2025-02-21 23:00,30.13598165223987
2025-02-22 00:00,34.288874530222934
2025-02-22 01:00,32.99947531912434
2025-02-22 02:00,28.804304326209415
2025-02-22 03:00,50.87013743548384
2025-02-22 04:00,52.33579100355625
2025-02-22 05:00,53.60694100627512
2025-02-22 06:00,53.41367791526883
2025-02-22 07:00,50.2287481409659
2025-02-22 08:00,40.59488930430581
2025-02-22 09:00,29.92572459864014
2025-02-22 10:00,20.536934128931332
2025-02-22 11:00,24.15459670742329
2025-02-22 12:00,24.849351890997205
2025-02-22 13:00,25.4698709604641
2025-02-22 14:00,37.32540758101324
2025-02-22 15:00,37.991387769804454
2025-02-22 16:00,31.743378409784867
2025-02-22 17:00,29.957265472519786
2025-02-22 18:00,26.959915933999607
2025-02-22 19:00,33.31973937752806
2025-02-22 20:00,37.09328259700722
2025-02-22 21:00,35.5043533220298
2025-02-22 22:00,39.360915079576046
2025-02-22 23:00,35.92447225853139
2025-02-23 00:00,32.84370209612688
2025-02-23 01:00,35.34866336889216
2025-02-23 02:00,35.882071615974766
2025-02-23 03:00,38.49640594837352
2025-02-23 04:00,25.654998810045797
2025-02-23 05:00,14.94578425495413
2025-02-23 06:00,12.844554156322891
2025-02-23 07:00,13.445813049731449
2025-02-23 08:00,24.66418468570462
2025-02-23 09:00,45.90414465955213
2025-02-23 10:00,45.221195558474896
2025-02-23 11:00,38.17076132944557
2025-02-23 12:00,49.11595865622397
2025-02-23 13:00,48.22399138008953
2025-02-23 14:00,45.10700438278242
2025-02-23 15:00,49.088574248395645
2025-02-23 16:00,48.05393954285002
2025-02-23 17:00,51.860309443172035
2025-02-23 18:00,54.24227936700797
2025-02-23 19:00,52.77499992361082
2025-02-23 20:00,51.57977354328558
2025-02-23 21:00,50.92352101587689
2025-02-23 22:00,51.72239839758669
2025-02-23 23:00,50.58565680995107
2025-02-24 00:00,52.255825746384716
2025-02-24 01:00,51.61708469455135
2025-02-24 02:00,43.213134913144536
2025-02-24 03:00,41.870557963782616
2025-02-24 04:00,27.074589577259673
2025-02-24 05:00,15.961537764001193
2025-02-24 06:00,16.940689515817148
2025-02-24 07:00,16.008155633885558
2025-02-24 08:00,16.945727233000017
2025-02-24 09:00,7.275420710665662
2025-02-24 10:00,13.960171293165683
2025-02-24 11:00,20.738611972201806
2025-02-24 12:00,17.278874945519497
2025-02-24 13:00,20.328826479525237
2025-02-24 14:00,16.167140513591477
2025-02-24 15:00,17.343256071451805
2025-02-24 16:00,16.944422294003918
2025-02-24 17:00,16.530994145426877
2025-02-24 18:00,21.18263056114118
2025-02-24 19:00,21.518535285872144
2025-02-24 20:00,16.949745311913613
2025-02-24 21:00,12.890225548039478
2025-02-24 22:00,9.594205439303884
2025-02-24 23:00,4.9750168064282345
2025-02-25 00:00,2.796190309158688
2025-02-25 01:00,6.718757757285801
2025-02-25 02:00,8.149305052387
2025-02-25 03:00,8.454160274033306
2025-02-25 04:00,11.081793076843752
2025-02-25 05:00,9.420016890078305
2025-02-25 06:00,9.341631119364326
2025-02-25 07:00,8.63051544929706
2025-02-25 08:00,6.489860532450523
2025-02-25 09:00,1.4519245506566305
2025-02-25 10:00,3.352915097054386
2025-02-25 11:00,1.073473002457876
2025-02-25 12:00,4.712789673920092
2025-02-25 13:00,4.724380589137809
2025-02-25 14:00,7.151950851206804
2025-02-25 15:00,10.684900408076416
2025-02-25 16:00,14.015458824214045
2025-02-25 17:00,19.698522103191525
2025-02-25 18:00,18.002106094852984
2025-02-25 19:00,14.85805111984573
2025-02-25 20:00,11.08177862370492
2025-02-25 21:00,20.15192193973582
2025-02-25 22:00,21.640539450229152
2025-02-25 23:00,23.80963170114746
2025-02-26 00:00,6.171809871683599
2025-02-26 01:00,6.943057271381352
2025-02-26 02:00,12.84433287937371
2025-02-26 03:00,16.40524442561256
2025-02-26 04:00,19.371189250665307
2025-02-26 05:00,21.12589020362965
2025-02-26 06:00,18.718191286739376
2025-02-26 07:00,23.86944426386526
2025-02-26 08:00,16.997418024642162
2025-02-26 09:00,14.579794111015994
2025-02-26 10:00,8.539134644806307
2025-02-26 11:00,11.552214066143204
2025-02-26 12:00,13.109645051813168
2025-02-26 13:00,14.128805285351932
2025-02-26 14:00,14.89015547420503
2025-02-26 15:00,14.643844895017162
2025-02-26 16:00,8.2074909570883
2025-02-26 17:00,5.6993838750388806
2025-02-26 18:00,5.622045033212132
2025-02-26 19:00,4.9235344439656625
2025-02-26 20:00,6.0307419933719935
2025-02-26 21:00,2.288621758794635
2025-02-26 22:00,4.65201824947886
2025-02-26 23:00,4.666122680383426
2025-02-27 00:00,0.731321759853726
2025-02-27 01:00,0.4261826453980664
2025-02-27 02:00,4.488030346437598
2025-02-27 03:00,0.0
2025-02-27 04:00,1.0879766508630997
2025-02-27 05:00,2.3681135438643093
2025-02-27 06:00,3.6499707165638426
2025-02-27 07:00,2.570718215788279
2025-02-27 08:00,0.0
2025-02-27 09:00,4.2679014255717345
2025-02-27 10:00,1.0167541027238192
2025-02-27 11:00,1.853504275437729
2025-02-27 12:00,2.7522879650167553
2025-02-27 13:00,1.3755423225506984
2025-02-27 14:00,3.36241857307757
2025-02-27 15:00,3.735758097909832
2025-02-27 16:00,4.6099840996746355
2025-02-27 17:00,6.350046396006286
2025-02-27 18:00,10.906609415610339
2025-02-27 19:00,8.273510968563725
2025-02-27 20:00,5.317193362196752
2025-02-27 21:00,5.874351304527295
2025-02-27 22:00,6.99890533604639
2025-02-27 23:00,9.55676349705137
2025-02-28 00:00,7.231103092396796
2025-02-28 01:00,4.133471045313784
2025-02-28 02:00,5.582280349599651
2025-02-28 03:00,5.205193311445074
2025-02-28 04:00,8.632737901400988
2025-02-28 05:00,10.233296490473254
2025-02-28 06:00,5.215693231113136
2025-02-28 07:00,3.7522557231040996
2025-02-28 08:00,4.129626283573378
2025-02-28 09:00,3.7320334291970205
2025-02-28 10:00,5.231685280798028
2025-02-28 11:00,4.3032971475286494
2025-02-28 12:00,5.289489498949506
2025-02-28 13:00,9.048005167704467
2025-02-28 14:00,6.35783426255785
2025-02-28 15:00,6.372152229217696
2025-02-28 16:00,6.749532688006017
2025-02-28 17:00,8.59270090739771
2025-02-28 18:00,6.412342201337702
2025-02-28 19:00,5.894282194438558
2025-02-28 20:00,5.386728909796329
2025-02-28 21:00,5.112982909619211
2025-02-28 22:00,9.184105519029231
2025-02-28 23:00,8.244571485134657
2025-03-01 00:00,4.320729055677008
2025-03-01 01:00,4.142998885577184
2025-03-01 02:00,5.870318870539512
2025-03-01 03:00,5.258062043801475
2025-03-01 04:00,5.593150877135863
2025-03-01 05:00,5.745106059920454
2025-03-01 06:00,5.31274566746106
2025-03-01 07:00,5.426532713619051
2025-03-01 08:00,4.334756520815236
2025-03-01 09:00,1.97765522494843
2025-03-01 10:00,1.2611767774246958
2025-03-01 11:00,1.1395951286182484
2025-03-01 12:00,1.2778179097320694
2025-03-01 13:00,2.520365683909976
2025-03-01 14:00,3.4597531302243714
2025-03-01 15:00,13.83347669922371
2025-03-01 16:00,11.198879972948092
2025-03-01 17:00,5.4878649796188625
2025-03-01 18:00,5.712638605671944
2025-03-01 19:00,5.882862128283729
2025-03-01 20:00,11.076823027218161
2025-03-01 21:00,6.596039760219189
2025-03-01 22:00,6.289596828814542
2025-03-01 23:00,5.110073700466586
2025-03-02 00:00,6.961094818836592
2025-03-02 01:00,3.26938358043712
2025-03-02 02:00,7.1726543957162345
2025-03-02 03:00,6.974245551078367
2025-03-02 04:00,3.3322560309591625
2025-03-02 05:00,1.7895405843797325
2025-03-02 06:00,6.1103284715358335
2025-03-02 07:00,6.615334815656993
2025-03-02 08:00,4.444124038674643
2025-03-02 09:00,3.1454785860269614
2025-03-02 10:00,2.9680491542564784
2025-03-02 11:00,3.8439800397416404
2025-03-02 12:00,3.81983809743332
2025-03-02 13:00,4.3360330199569574
2025-03-02 14:00,7.002187080691379
2025-03-02 15:00,11.16921007442142
2025-03-02 16:00,5.523411582348563
2025-03-02 17:00,4.982233800059454
2025-03-02 18:00,7.585174347366605
2025-03-02 19:00,11.188336743883152
2025-03-02 20:00,17.51537083773883
2025-03-02 21:00,24.226049333127413
2025-03-02 22:00,13.398948552201173
2025-03-02 23:00,31.070941910347255
2025-03-03 00:00,34.02439333830155
2025-03-03 01:00,50.80915443008588
2025-03-03 02:00,41.90901258572851
2025-03-03 03:00,45.78876609741165
2025-03-03 04:00,47.80794087974575
2025-03-03 05:00,43.305781617980514
2025-03-03 06:00,32.17164472443838
2025-03-03 07:00,30.639540164137195
2025-03-03 08:00,33.43396767897704
2025-03-03 09:00,38.407623230980676
2025-03-03 10:00,32.40278364604104
2025-03-03 11:00,21.89440809000801
2025-03-03 12:00,21.04796236630172
2025-03-03 13:00,28.888678203685313
2025-03-03 14:00,17.80017161248414
2025-03-03 15:00,18.337637860640253
2025-03-03 16:00,16.79596055023646
2025-03-03 17:00,18.00072591159206
2025-03-03 18:00,19.937315325802444
2025-03-03 19:00,21.68526537274865
2025-03-03 20:00,19.453234584496442
2025-03-03 21:00,18.552605016872253
2025-03-03 22:00,22.22775681477024
2025-03-03 23:00,24.714399330157846
2025-03-04 00:00,26.478528515514043
2025-03-04 01:00,16.89124250417223
2025-03-04 02:00,14.432743757781603
2025-03-04 03:00,19.62954871320178
2025-03-04 04:00,26.61037379012158
2025-03-04 05:00,19.90870881612947
2025-03-04 06:00,24.800115783972842
2025-03-04 07:00,23.510782526077364
2025-03-04 08:00,23.619768819955535
2025-03-04 09:00,15.136382723887385
2025-03-04 10:00,15.618596813991857
2025-03-04 11:00,14.56345650509882
2025-03-04 12:00,15.965109800670719
2025-03-04 13:00,21.484059561226218
2025-03-04 14:00,19.1119512338042
2025-03-04 15:00,22.11607069769559
2025-03-04 16:00,23.968697362252495
2025-03-04 17:00,21.4058594001006
2025-03-04 18:00,19.47598721813502
2025-03-04 19:00,19.95889326901472
2025-03-04 20:00,22.90093538364039
2025-03-04 21:00,24.835961951101872
2025-03-04 22:00,19.24723899260318
2025-03-04 23:00,17.711457367824618
2025-03-05 00:00,9.300707609311345
2025-03-05 01:00,8.988892401801433
2025-03-05 02:00,10.844523645420418
2025-03-05 03:00,15.181897840826993
2025-03-05 04:00,8.377995902154831
2025-03-05 05:00,2.896462231066103
2025-03-05 06:00,2.8930147236367096
2025-03-05 07:00,6.165316791598034
2025-03-05 08:00,1.4817172886580048
2025-03-05 09:00,1.3613769946086247
2025-03-05 10:00,2.4295067347857255
2025-03-05 11:00,3.6036360882108474
2025-03-05 12:00,4.279599903200012
2025-03-05 13:00,12.138307261348206
2025-03-05 14:00,12.451363863636061
2025-03-05 15:00,12.38916832919877
2025-03-05 16:00,9.37337303941022
2025-03-05 17:00,9.069584250923597
2025-03-05 18:00,5.067366330980585
2025-03-05 19:00,15.342225901076175
2025-03-05 20:00,17.35411475474895
2025-03-05 21:00,29.74810218669794
2025-03-05 22:00,22.968805675483964
2025-03-05 23:00,23.62903498532648
2025-03-06 00:00,26.743959722127173
2025-03-06 01:00,22.81314779741922
2025-03-06 02:00,21.317073363074616
2025-03-06 03:00,33.0428941565001
2025-03-06 04:00,25.432072786880454
2025-03-06 05:00,16.83582210030884
2025-03-06 06:00,20.028313197560077
2025-03-06 07:00,16.701462800425737
2025-03-06 08:00,12.968608857591319
2025-03-06 09:00,11.39971386460031
2025-03-06 10:00,8.24271101047778
2025-03-06 11:00,8.285036514696863
2025-03-06 12:00,20.630168429055505
2025-03-06 13:00,25.33765828887961
2025-03-06 14:00,27.870416613887812
2025-03-06 15:00,33.20242184755439
2025-03-06 16:00,29.863429687768154
2025-03-06 17:00,25.76370893913893
2025-03-06 18:00,22.594614581687186
2025-03-06 19:00,13.108571809593883
2025-03-06 20:00,11.71844860498866
2025-03-06 21:00,11.48917612469864
2025-03-06 22:00,6.417111270875052
2025-03-06 23:00,2.343293687103201
2025-03-07 00:00,8.330136984108549
2025-03-07 01:00,1.4975698127345112
2025-03-07 02:00,0.7841650576855033
2025-03-07 03:00,4.847828951157528
2025-03-07 04:00,5.022325450184028
2025-03-07 05:00,0.484669830325017
2025-03-07 06:00,2.9882926906600176
2025-03-07 07:00,1.146354992024201
2025-03-07 08:00,0.0
2025-03-07 09:00,0.12641068493925478
2025-03-07 10:00,3.490680576185743
2025-03-07 11:00,0.8659186912261956
2025-03-07 12:00,0.0
2025-03-07 13:00,0.37136031428513017
2025-03-07 14:00,0.14341296751230714
2025-03-07 15:00,2.165898341143959
2025-03-07 16:00,8.325981025727003
2025-03-07 17:00,11.324527635471272
2025-03-07 18:00,9.023785474482208
2025-03-07 19:00,5.896869944030273
2025-03-07 20:00,5.392615975105038
2025-03-07 21:00,4.235652599300591
2025-03-07 22:00,2.7152936062830286
2025-03-07 23:00,1.4670833431036376
2025-03-08 00:00,2.1658446190434533
2025-03-08 01:00,3.677836539180535
2025-03-08 02:00,4.511190669558283
2025-03-08 03:00,2.6934590336967315
2025-03-08 04:00,3.3943820745825484
2025-03-08 05:00,4.005951707458467
2025-03-08 06:00,2.6826211854812794
2025-03-08 07:00,6.140140770132719
2025-03-08 08:00,3.3149933267867016
2025-03-08 09:00,4.88075387266513
2025-03-08 10:00,1.949665319782185
2025-03-08 11:00,1.2518225327357198
2025-03-08 12:00,0.8825155800120008
2025-03-08 13:00,3.2071810946090635
2025-03-08 14:00,6.677718098400972
2025-03-08 15:00,4.643653241082687
2025-03-08 16:00,3.5197211876061356
2025-03-08 17:00,5.122251174391457
2025-03-08 18:00,5.775659939483756
2025-03-08 19:00,4.6023127808175115
2025-03-08 20:00,2.398491191920218
2025-03-08 21:00,0.5455597232727136
2025-03-08 22:00,0.23625256464690025
2025-03-08 23:00,5.203409618369052
2025-03-09 00:00,7.62878616469134
2025-03-09 01:00,5.9389299137583915
2025-03-09 02:00,5.322479183189429
2025-03-09 03:00,5.454906441679392
2025-03-09 04:00,5.40052658159472
2025-03-09 05:00,4.178301471616253
2025-03-09 06:00,4.419389319233041
2025-03-09 07:00,5.166121674508237
2025-03-09 08:00,5.9329794316677065
2025-03-09 09:00,3.71430669200401
2025-03-09 10:00,1.25296915945516
2025-03-09 11:00,0.18011607446054018
2025-03-09 12:00,0.9770827099501137
2025-03-09 13:00,1.9223984641173535
2025-03-09 14:00,4.391320159208319
2025-03-09 15:00,4.505090994890614
2025-03-09 16:00,5.302643469009203
2025-03-09 17:00,3.732940492958292
2025-03-09 18:00,4.6822744087422095
2025-03-09 19:00,1.9552991810481544
2025-03-09 20:00,2.291341302366609
2025-03-09 21:00,2.229445624475996
2025-03-09 22:00,1.9064746349996031
2025-03-09 23:00,1.1735199120868423
2025-03-10 00:00,2.4060641919411623
2025-03-10 01:00,1.173529757045119
2025-03-10 02:00,5.654805038896139
2025-03-10 03:00,4.530824988676491
2025-03-10 04:00,2.0617956196099216
2025-03-10 05:00,2.2086609878059766
2025-03-10 06:00,2.71436865139089
2025-03-10 07:00,1.1300670926092637
2025-03-10 08:00,0.46917251215267575
2025-03-10 09:00,1.527156962407869
2025-03-10 10:00,0.9310016743331611
2025-03-10 11:00,2.3907216543160335
2025-03-10 12:00,4.8114360978740365
2025-03-10 13:00,0.9226211644615105
2025-03-10 14:00,0.0
2025-03-10 15:00,0.9958286960591676
2025-03-10 16:00,2.8347574545135275
2025-03-10 17:00,2.509941662196961
2025-03-10 18:00,5.38704506126316
2025-03-10 19:00,2.512212291273689
2025-03-10 20:00,4.42995447185198
2025-03-10 21:00,2.966039379528477
2025-03-10 22:00,2.1748347690716665
2025-03-10 23:00,0.892020272849817
2025-03-11 00:00,1.4389140295268357
2025-03-11 01:00,3.3523493541422407
2025-03-11 02:00,5.141598868186213
2025-03-11 03:00,4.4612830184599535
2025-03-11 04:00,5.175896697228334
2025-03-11 05:00,6.431386348096402
2025-03-11 06:00,12.05410315770255
2025-03-11 07:00,13.544822612387122
2025-03-11 08:00,2.7552730258225036
2025-03-11 09:00,3.4945634284130547
2025-03-11 10:00,1.1946213550824878
2025-03-11 11:00,1.6049571568301861
2025-03-11 12:00,0.9847777880656814
2025-03-11 13:00,1.416568208345233
2025-03-11 14:00,1.1014071471298261
2025-03-11 15:00,1.3600347065823812
2025-03-11 16:00,1.2413150261965034
2025-03-11 17:00,1.3543199020001122
2025-03-11 18:00,10.321490406985621
2025-03-11 19:00,9.131111782525462
2025-03-11 20:00,7.015591207412681
2025-03-11 21:00,7.938473247071039
2025-03-11 22:00,7.421643790758984
2025-03-11 23:00,4.996486478674418
2025-03-12 00:00,4.131528370576535
2025-03-12 01:00,1.670163466853443
2025-03-12 02:00,13.266927087267424
2025-03-12 03:00,10.301484849297015
2025-03-12 04:00,9.935781824255605
2025-03-12 05:00,9.809215020247048
2025-03-12 06:00,6.0819617784450966
2025-03-12 07:00,4.3349286722967495
2025-03-12 08:00,3.732922082338533
2025-03-12 09:00,2.6418788087541443
2025-03-12 10:00,0.8514163884227701
2025-03-12 11:00,3.1710059028972184
2025-03-12 12:00,4.08141946082045
2025-03-12 13:00,3.4342514466722696
2025-03-12 14:00,3.5246936823946164
2025-03-12 15:00,5.094958610397803
2025-03-12 16:00,5.12958723164517
2025-03-12 17:00,7.6201350914587564
2025-03-12 18:00,7.179130360336043
2025-03-12 19:00,5.841665856253252
2025-03-12 20:00,12.631123016432435
2025-03-12 21:00,6.026430059757092
2025-03-12 22:00,3.918787446806546
2025-03-12 23:00,8.583790416705298
2025-03-13 00:00,17.944927621709084
2025-03-13 01:00,16.79598814325693
2025-03-13 02:00,19.75628902660207
2025-03-13 03:00,21.525764701976847
2025-03-13 04:00,20.901668147107877
2025-03-13 05:00,18.085985731240644
2025-03-13 06:00,26.60771620882862
2025-03-13 07:00,22.77293573582115
2025-03-13 08:00,16.58134203555324
2025-03-13 09:00,6.040744778540133
2025-03-13 10:00,15.462074537230992
2025-03-13 11:00,18.5298291530478
2025-03-13 12:00,22.435677909230243
2025-03-13 13:00,25.97538275392271
2025-03-13 14:00,26.94473168763482
2025-03-13 15:00,27.147081017801497
2025-03-13 16:00,30.593460551103867
2025-03-13 17:00,30.260308251316204
2025-03-13 18:00,30.117487446708864
2025-03-13 19:00,30.40718533439415
2025-03-13 20:00,24.438567921892858
2025-03-13 21:00,33.50550313049161
2025-03-13 22:00,24.13642478422996
2025-03-13 23:00,13.210155647760105
2025-03-14 00:00,16.23804044440706
2025-03-14 01:00,14.834530724785683
2025-03-14 02:00,12.527605325295674
2025-03-14 03:00,18.19873422517569
2025-03-14 04:00,16.584000867422287
2025-03-14 05:00,9.035023332925025
2025-03-14 06:00,8.942577370675881
2025-03-14 07:00,14.456636294050877
2025-03-14 08:00,11.827403976962671
2025-03-14 09:00,7.805991917427126
2025-03-14 10:00,3.2256953665231114
2025-03-14 11:00,0.6314284266408933
2025-03-14 12:00,1.7611419718278474
2025-03-14 13:00,1.571093054210534
2025-03-14 14:00,2.623713250710614
2025-03-14 15:00,7.437795155497385
2025-03-14 16:00,9.56787279264998
2025-03-14 17:00,15.249012223272645
2025-03-14 18:00,6.760900780305455
2025-03-14 19:00,8.53272231928946
2025-03-14 20:00,27.215065697438217
2025-03-14 21:00,10.980865314675373
2025-03-14 22:00,4.989244036476563
2025-03-14 23:00,9.123428467639062
2025-03-15 00:00,20.415825177667383
2025-03-15 01:00,13.551336391917792
2025-03-15 02:00,14.240298778977447
2025-03-15 03:00,12.509235612130624
2025-03-15 04:00,14.324992578207437
2025-03-15 05:00,12.817866095246904
2025-03-15 06:00,12.37471781313513
2025-03-15 07:00,11.048125457732741
2025-03-15 08:00,15.516524785059
2025-03-15 09:00,26.59667238924555
2025-03-15 10:00,15.045951730058128
2025-03-15 11:00,8.467874689297755
2025-03-15 12:00,7.859614111847163
2025-03-15 13:00,8.678157667325756
2025-03-15 14:00,6.176771970371516
2025-03-15 15:00,4.703111297876413
2025-03-15 16:00,4.448680842804469
2025-03-15 17:00,4.758517236248842
2025-03-15 18:00,7.835939512542586
2025-03-15 19:00,9.142216062399358
2025-03-15 20:00,10.597291836246928
2025-03-15 21:00,11.739454531924347
2025-03-15 22:00,6.636168743854292
2025-03-15 23:00,8.793289369870674
2025-03-16 00:00,14.062744243042962
2025-03-16 01:00,13.623882924756229
2025-03-16 02:00,12.808081495244144
2025-03-16 03:00,13.433392955194648
2025-03-16 04:00,12.868940242119837
2025-03-16 05:00,11.679911192523667
2025-03-16 06:00,13.10182727213642
2025-03-16 07:00,8.056891126940226
2025-03-16 08:00,6.256231446483691
2025-03-16 09:00,6.815054051987313
2025-03-16 10:00,15.978473202879034
2025-03-16 11:00,17.029249814857543
2025-03-16 12:00,23.614157810186136
2025-03-16 13:00,29.63757879077177
2025-03-16 14:00,38.59680587567774
2025-03-16 15:00,45.56044955090091
2025-03-16 16:00,52.36758198730421
2025-03-16 17:00,57.547216830537
2025-03-16 18:00,57.900674426238616
2025-03-16 19:00,56.22465413247142
2025-03-16 20:00,54.04637465657517
2025-03-16 21:00,53.16106175502933
2025-03-16 22:00,49.066645481280894
2025-03-16 23:00,51.76081408361097
2025-03-17 00:00,52.16206877847621
2025-03-17 01:00,55.283681316109316
2025-03-17 02:00,52.373227546660715
2025-03-17 03:00,54.44660670189523
2025-03-17 04:00,54.584471414134356
2025-03-17 05:00,54.502166401671275
2025-03-17 06:00,53.51641030477707
2025-03-17 07:00,47.628160531144765
2025-03-17 08:00,43.68143557763639
2025-03-17 09:00,40.94928603165555
2025-03-17 10:00,27.854114295262285
2025-03-17 11:00,24.08231463008815
2025-03-17 12:00,22.780152802026258
2025-03-17 13:00,23.525125799094436
2025-03-17 14:00,20.14586168565121
2025-03-17 15:00,14.004524800744912
2025-03-17 16:00,12.396606259636753
2025-03-17 17:00,10.74717593710972
2025-03-17 18:00,14.073868561034933
2025-03-17 19:00,15.442055571954127
2025-03-17 20:00,11.022788510802815
2025-03-17 21:00,14.589889583017
2025-03-17 22:00,15.599188368131106
2025-03-17 23:00,26.61368450516219
2025-03-18 00:00,32.09159072778539
2025-03-18 01:00,43.022574003568984
2025-03-18 02:00,36.35923812548605
2025-03-18 03:00,20.76759279626679
2025-03-18 04:00,31.74260967332866
2025-03-18 05:00,29.61388107185859
2025-03-18 06:00,37.517754037844306
2025-03-18 07:00,41.39337614519339
2025-03-18 08:00,47.880555769503225
2025-03-18 09:00,46.92248625136707
2025-03-18 10:00,49.62002664424878
2025-03-18 11:00,53.50503331934367
2025-03-18 12:00,52.550977465477345
2025-03-18 13:00,55.84466947064083
2025-03-18 14:00,51.89062183697663
2025-03-18 15:00,55.356496035635566
2025-03-18 16:00,62.2329650563095
2025-03-18 17:00,61.12305302422864
2025-03-18 18:00,56.280531953834384
2025-03-18 19:00,51.63867695599132
2025-03-18 20:00,46.305766453679816
2025-03-18 21:00,44.65736281329052
2025-03-18 22:00,39.310172610015336
2025-03-18 23:00,36.09546077313808
2025-03-19 00:00,42.78653459709151
2025-03-19 01:00,42.82951685176607
2025-03-19 02:00,29.767596462319325
2025-03-19 03:00,32.27858686041651
2025-03-19 04:00,24.239115379433372
2025-03-19 05:00,19.43042653838708
2025-03-19 06:00,15.300666362427187
2025-03-19 07:00,18.64432217060669
2025-03-19 08:00,14.094536317203652
2025-03-19 09:00,19.394939047189258
2025-03-19 10:00,15.070373604536755
2025-03-19 11:00,12.053007190205841
2025-03-19 12:00,13.980002619384305
2025-03-19 13:00,20.007761372044005
2025-03-19 14:00,19.928498834842678
2025-03-19 15:00,19.64522610177258
2025-03-19 16:00,15.787534794523983
2025-03-19 17:00,8.429016231520679
2025-03-19 18:00,13.317408773007784
2025-03-19 19:00,12.78807845947562
2025-03-19 20:00,12.73580330731065
2025-03-19 21:00,7.361675309348363
2025-03-19 22:00,9.786269535172245
2025-03-19 23:00,4.671133111489723
2025-03-20 00:00,7.338885622870397
2025-03-20 01:00,15.153435655620491
2025-03-20 02:00,20.597020561030444
2025-03-20 03:00,23.859143331990804
2025-03-20 04:00,21.95284828478502
2025-03-20 05:00,26.950174427165102
2025-03-20 06:00,29.742397576066153
2025-03-20 07:00,29.837021357960463
2025-03-20 08:00,37.61561085656152
2025-03-20 09:00,36.424017772412164
2025-03-20 10:00,44.39773485596291
2025-03-20 11:00,28.591422436118997
2025-03-20 12:00,20.10909344724518
2025-03-20 13:00,20.328394338005392
2025-03-20 14:00,21.90941561048876
2025-03-20 15:00,25.314879225511838
2025-03-20 16:00,26.066452656306332
2025-03-20 17:00,31.335589644536363
2025-03-20 18:00,28.353158988784607
2025-03-20 19:00,35.383285523143314
2025-03-20 20:00,31.237292616384945
2025-03-20 21:00,26.02915650440655
2025-03-20 22:00,25.364908073124813
2025-03-20 23:00,41.14353857114186
2025-03-21 00:00,32.27313683038313
2025-03-21 01:00,28.498370379633844
2025-03-21 02:00,31.85813651328327
2025-03-21 03:00,25.997619983526832
2025-03-21 04:00,25.226022162616953
2025-03-21 05:00,28.328650919057218
2025-03-21 06:00,30.874552982692357
2025-03-21 07:00,34.17049203129443
2025-03-21 08:00,28.781819751449884
2025-03-21 09:00,31.815404787818025
2025-03-21 10:00,28.96676577366638
2025-03-21 11:00,22.10951411988522
2025-03-21 12:00,19.138110328381174
2025-03-21 13:00,14.20206788110227
2025-03-21 14:00,10.607879128103631
2025-03-21 15:00,11.544187053753431
2025-03-21 16:00,11.688156512922927
2025-03-21 17:00,10.982517247512261
2025-03-21 18:00,10.519940322769566
2025-03-21 19:00,7.915436566830344
2025-03-21 20:00,10.91964059518617
2025-03-21 21:00,14.319749273469078
2025-03-21 22:00,10.925963192356612
2025-03-21 23:00,24.68061767347514
2025-03-22 00:00,28.582165798860572
2025-03-22 01:00,21.772291856406927
2025-03-22 02:00,22.941233180311848
2025-03-22 03:00,29.033637981518005
2025-03-22 04:00,27.799157846241748
2025-03-22 05:00,29.21978864632697
2025-03-22 06:00,34.61455314506781
2025-03-22 07:00,34.77015781858853
2025-03-22 08:00,25.740678472057123
2025-03-22 09:00,20.883083110791265
2025-03-22 10:00,21.244681236314705
2025-03-22 11:00,22.765821354825082
2025-03-22 12:00,26.50439350571406
2025-03-22 13:00,21.268693610436404
2025-03-22 14:00,21.66755602482577
2025-03-22 15:00,21.528728736986796
2025-03-22 16:00,21.189165084947305
2025-03-22 17:00,26.20186888036423
2025-03-22 18:00,22.171404819211283
2025-03-22 19:00,14.140519867080016
2025-03-22 20:00,25.777427966465876
2025-03-22 21:00,29.410776308063223
2025-03-22 22:00,22.13102345183559
2025-03-22 23:00,25.7701543258551
2025-03-23 00:00,26.97304775915195
2025-03-23 01:00,31.069153253976058
2025-03-23 02:00,28.00429803658675
2025-03-23 03:00,26.770961149494873
2025-03-23 04:00,30.972037577204315
2025-03-23 05:00,25.61424967020905
2025-03-23 06:00,26.050328318034474
2025-03-23 07:00,17.673542654009722
2025-03-23 08:00,21.594766124554308
2025-03-23 09:00,19.439914535979604
2025-03-23 10:00,21.863933276579623
2025-03-23 11:00,18.213686061624827
2025-03-23 12:00,20.36438799289898
2025-03-23 13:00,22.033914002323762
2025-03-23 14:00,25.10318217586188
2025-03-23 15:00,29.09929140565035
2025-03-23 16:00,30.439159013329192
2025-03-23 17:00,30.936703264842183
2025-03-23 18:00,27.84660798185553
2025-03-23 19:00,32.7002779137417
2025-03-23 20:00,21.718887178221074
2025-03-23 21:00,19.2875516354817
2025-03-23 22:00,24.657763345633622
2025-03-23 23:00,31.314992646889838
2025-03-24 00:00,16.42207984810438
2025-03-24 01:00,22.625664733822486
2025-03-24 02:00,34.542307932118376
2025-03-24 03:00,34.00085471839995
2025-03-24 04:00,40.637869117269574
2025-03-24 05:00,38.192622447203014
2025-03-24 06:00,46.50245756055112
2025-03-24 07:00,50.49101137382686
2025-03-24 08:00,48.99850846300263
2025-03-24 09:00,49.840722167230794
2025-03-24 10:00,56.35102723345085
2025-03-24 11:00,56.23010716876428
2025-03-24 12:00,54.31467536584241
2025-03-24 13:00,54.76751773394808
2025-03-24 14:00,53.10020474906471
2025-03-24 15:00,53.65935360251903
2025-03-24 16:00,50.411399588197554
2025-03-24 17:00,50.625513875729936
2025-03-24 18:00,47.98194796740135
2025-03-24 19:00,49.308300877746476
2025-03-24 20:00,42.25071095345838
2025-03-24 21:00,41.193426168449996
2025-03-24 22:00,36.37468942822233
2025-03-24 23:00,38.45196874980609
2025-03-25 00:00,30.149529185497407
2025-03-25 01:00,21.063221389469653
2025-03-25 02:00,29.80289383246675
2025-03-25 03:00,28.586065468608208
2025-03-25 04:00,21.029873923929948
2025-03-25 05:00,15.94930526266558
2025-03-25 06:00,16.802174468767713
2025-03-25 07:00,17.013058729058795
2025-03-25 08:00,17.19010614424183
2025-03-25 09:00,20.554122632947646
2025-03-25 10:00,26.296603576065515
2025-03-25 11:00,32.600925219103985
2025-03-25 12:00,47.401537400733574
2025-03-25 13:00,56.52732905145912
2025-03-25 14:00,55.23141601126867
2025-03-25 15:00,49.843996994303104
2025-03-25 16:00,47.936034032284425
2025-03-25 17:00,45.649892101662815
2025-03-25 18:00,29.070277355153518
2025-03-25 19:00,31.538986657619915
2025-03-25 20:00,20.45285887868539
2025-03-25 21:00,21.431346920573564
2025-03-25 22:00,20.94213031473768
2025-03-25 23:00,12.67294627348641
2025-03-26 00:00,11.578041754406446
2025-03-26 01:00,8.388624557499663
2025-03-26 02:00,10.886002818422895
2025-03-26 03:00,10.497059538084628
2025-03-26 04:00,5.099749820511024
2025-03-26 05:00,5.316890597500567
2025-03-26 06:00,5.800418739507528
2025-03-26 07:00,5.320276474772607
2025-03-26 08:00,5.483747812656245
2025-03-26 09:00,6.3290493365877065
2025-03-26 10:00,2.771801909128426
2025-03-26 11:00,1.6798890271840219
2025-03-26 12:00,7.0603612995925555
2025-03-26 13:00,22.82809372425744
2025-03-26 14:00,18.58749381390786
2025-03-26 15:00,20.342984878175503
2025-03-26 16:00,20.58307198787803
2025-03-26 17:00,21.98794126020872
2025-03-26 18:00,21.782680603081133
2025-03-26 19:00,31.724809018287598
2025-03-26 20:00,43.52350334495883
2025-03-26 21:00,50.03598186022223
2025-03-26 22:00,54.626440374026785
2025-03-26 23:00,55.35734840159964
2025-03-27 00:00,57.59333458675445
2025-03-27 01:00,60.002088845649155
2025-03-27 02:00,57.22527912100123
2025-03-27 03:00,56.94638115551865
2025-03-27 04:00,59.052966306546196
2025-03-27 05:00,54.18790310412216
2025-03-27 06:00,51.877740988400674
2025-03-27 07:00,53.047215119146045
2025-03-27 08:00,52.09137976520383
2025-03-27 09:00,49.57660196925107
2025-03-27 10:00,40.45910317502135
2025-03-27 11:00,41.15461090073514
2025-03-27 12:00,24.27296017377469
2025-03-27 13:00,17.158532389027012
2025-03-27 14:00,24.248242547831115
2025-03-27 15:00,32.691821445012245
2025-03-27 16:00,34.585863450375335
2025-03-27 17:00,45.15982837182157
2025-03-27 18:00,43.05063391220483
2025-03-27 19:00,42.24293543159008
2025-03-27 20:00,31.365404129901275
2025-03-27 21:00,26.642194692953804
2025-03-27 22:00,23.42480202248167
2025-03-27 23:00,41.615221258297645
2025-03-28 00:00,43.66377458538889
2025-03-28 01:00,51.50144369046497
2025-03-28 02:00,42.6931208213248
2025-03-28 03:00,38.84158093423232
2025-03-28 04:00,44.704375816917306
2025-03-28 05:00,43.86329620039267
2025-03-28 06:00,43.534047654959544
2025-03-28 07:00,45.888564817141884
2025-03-28 08:00,50.41551096412461
2025-03-28 09:00,47.410794579997756
2025-03-28 10:00,41.76971636178225
2025-03-28 11:00,40.96118104144633
2025-03-28 12:00,53.435972545952865
2025-03-28 13:00,54.28457318784251
2025-03-28 14:00,57.428520132840085
2025-03-28 15:00,53.469193067991014
2025-03-28 16:00,55.4782557292595
2025-03-28 17:00,58.80331065079636
2025-03-28 18:00,61.36341826261211
2025-03-28 19:00,59.16143422941497
2025-03-28 20:00,52.91761930653075
2025-03-28 21:00,55.04690617992034
2025-03-28 22:00,51.71801277407754
2025-03-28 23:00,41.95574001639833
2025-03-29 00:00,26.491963342263638
2025-03-29 01:00,23.588525687181285
2025-03-29 02:00,19.58418023042038
2025-03-29 03:00,20.074424149968152
2025-03-29 04:00,23.299270388566992
2025-03-29 05:00,27.89443940019879
2025-03-29 06:00,28.674121288870822
2025-03-29 07:00,24.390508648460056
2025-03-29 08:00,24.829542842730962
2025-03-29 09:00,14.604245918615403
2025-03-29 10:00,5.971864596606461
2025-03-29 11:00,4.606385848428052
2025-03-29 12:00,8.575759159480507
2025-03-29 13:00,9.31272279051851
2025-03-29 14:00,27.21841406817147
2025-03-29 15:00,29.15132821401646
2025-03-29 16:00,32.579658801180585
2025-03-29 17:00,51.97409601021733
2025-03-29 18:00,59.76168420961562
2025-03-29 19:00,53.85075200521044
2025-03-29 20:00,53.2440969156697
2025-03-29 21:00,44.400132205967346
2025-03-29 22:00,32.177809542620516
2025-03-29 23:00,29.648835787486085
2025-03-30 00:00,25.337187015943005
2025-03-30 01:00,22.977744805570225
2025-03-30 02:00,20.515199246933214
2025-03-30 03:00,11.745858896853015
2025-03-30 04:00,5.89344152594172
2025-03-30 05:00,7.751073368930016
2025-03-30 06:00,8.883070186058593
2025-03-30 07:00,18.44581877937932
2025-03-30 08:00,20.20216210436796
2025-03-30 09:00,23.734780574311984
2025-03-30 10:00,18.935275104638816
2025-03-30 11:00,19.929536881064937
2025-03-30 12:00,16.41087976380969
2025-03-30 13:00,14.731852780736137
2025-03-30 14:00,12.787400389877261
2025-03-30 15:00,12.942196289542236
2025-03-30 16:00,15.137554560868692
2025-03-30 17:00,15.183982480753784
2025-03-30 18:00,10.855918662836734
2025-03-30 19:00,11.200017794436453
2025-03-30 20:00,8.606121077132624
2025-03-30 21:00,8.437481903848045
2025-03-30 22:00,11.948646192092731
2025-03-30 23:00,13.652271700493218
2025-03-31 00:00,4.389655660688716
2025-03-31 01:00,4.4583440720547705
2025-03-31 02:00,7.069995921571841
2025-03-31 03:00,7.04091146214984
2025-03-31 04:00,8.91403345474321
2025-03-31 05:00,8.678439256887106
2025-03-31 06:00,8.37430336073073
2025-03-31 07:00,5.371592589228062
2025-03-31 08:00,4.687053686482849
2025-03-31 09:00,12.128245484767891
2025-03-31 10:00,1.6889814119150641
2025-03-31 11:00,0.043022034969306455
2025-03-31 12:00,0.1864928611422969
2025-03-31 13:00,1.2829074361010289
2025-03-31 14:00,0.08131025692877569
2025-03-31 15:00,0.0
2025-03-31 16:00,0.007618112640271235
2025-03-31 17:00,2.891511338703271
2025-03-31 18:00,4.2040221919695
2025-03-31 19:00,6.271767817523056
2025-03-31 20:00,4.521034424649957
2025-03-31 21:00,2.661826478991642
2025-03-31 22:00,7.926091936011138
2025-03-31 23:00,6.455885497019049
2025-04-01 00:00,2.0797132211735265
2025-04-01 01:00,2.561063854215792
2025-04-01 02:00,2.171873069007267
2025-04-01 03:00,1.37951806048512
2025-04-01 04:00,4.329759778350727
2025-04-01 05:00,4.232155011756624
2025-04-01 06:00,8.048310637332413
2025-04-01 07:00,5.154990830166981
2025-04-01 08:00,3.59973437699026
2025-04-01 09:00,4.544361209996388
2025-04-01 10:00,2.078467072610194
2025-04-01 11:00,2.7572318287421225
2025-04-01 12:00,2.428696763743541
2025-04-01 13:00,1.701063712928062
2025-04-01 14:00,4.019264800194547
2025-04-01 15:00,5.502746443634682
2025-04-01 16:00,7.447500367768515
2025-04-01 17:00,7.674871059050171
2025-04-01 18:00,10.147439867029117
2025-04-01 19:00,7.908874704359135
2025-04-01 20:00,5.024243215059924
2025-04-01 21:00,4.537901948730259
2025-04-01 22:00,3.284640409040386
2025-04-01 23:00,1.1819765974363294
2025-04-02 00:00,3.3320467697086924
2025-04-02 01:00,0.5998590464047124
2025-04-02 02:00,1.2108491687718557
2025-04-02 03:00,1.3922378472887673
2025-04-02 04:00,1.5958708825021635
2025-04-02 05:00,5.6467530638435335
2025-04-02 06:00,4.874954377169748
2025-04-02 07:00,6.482642008612024
2025-04-02 08:00,4.147935749581693
2025-04-02 09:00,3.2660246759594385
2025-04-02 10:00,1.830624911895344
2025-04-02 11:00,0.7517293831668102
2025-04-02 12:00,3.537899464914226
2025-04-02 13:00,4.051486979936862
2025-04-02 14:00,6.358304430625296
2025-04-02 15:00,6.539065615034985
2025-04-02 16:00,5.65698452784471
2025-04-02 17:00,22.099359722957036
2025-04-02 18:00,23.857308298855337
2025-04-02 19:00,28.47623255997931
2025-04-02 20:00,20.467096251811704
2025-04-02 21:00,13.509967454974404
2025-04-02 22:00,9.928077910181917
2025-04-02 23:00,8.040654367977094
2025-04-03 00:00,9.631856546831473
2025-04-03 01:00,16.82506074122842
2025-04-03 02:00,17.344700307945082
2025-04-03 03:00,13.778449578908841
2025-04-03 04:00,8.924896992328023
2025-04-03 05:00,10.554147571848016
2025-04-03 06:00,14.176615543461079
2025-04-03 07:00,6.436423224219631
2025-04-03 08:00,6.994874093892508
2025-04-03 09:00,3.3274343632550103
2025-04-03 10:00,1.7488448317955152
2025-04-03 11:00,1.0437667785124303
2025-04-03 12:00,1.4173679778376798
2025-04-03 13:00,2.265901313229838
2025-04-03 14:00,3.1687891458145927
2025-04-03 15:00,5.752045065150282
2025-04-03 16:00,16.918348679467996
2025-04-03 17:00,21.50086831002902
2025-04-03 18:00,20.091159612306747
2025-04-03 19:00,8.174179465804457
2025-04-03 20:00,1.9557445428044091
2025-04-03 21:00,3.1292698895870013
2025-04-03 22:00,2.3341992790346584
2025-04-03 23:00,1.0558939855952203
2025-04-04 00:00,1.7452291220762768
2025-04-04 01:00,3.7774337678590726
2025-04-04 02:00,3.327964244487483
2025-04-04 03:00,1.7518792630029552
2025-04-04 04:00,2.9646446444489953
2025-04-04 05:00,2.814188200152205
2025-04-04 06:00,1.0856456593372346
2025-04-04 07:00,0.45625778967004393
2025-04-04 08:00,1.348329050960047
2025-04-04 09:00,0.6856392149119456
2025-04-04 10:00,1.2930867547947618
2025-04-04 11:00,5.619600077046725
2025-04-04 12:00,3.508251217240124
2025-04-04 13:00,4.230566829622694
2025-04-04 14:00,6.027259210141588
2025-04-04 15:00,4.323400778018922
2025-04-04 16:00,1.8712537231817037
2025-04-04 17:00,4.181501809219883
2025-04-04 18:00,2.9198793461794725
2025-04-04 19:00,3.472601212453811
2025-04-04 20:00,1.7368085110262483
2025-04-04 21:00,1.2112469945423614
2025-04-04 22:00,2.793124167589913
2025-04-04 23:00,2.8098984898341897
2025-04-05 00:00,4.276343348947402
2025-04-05 01:00,5.605070769788325
2025-04-05 02:00,5.454464020392656
2025-04-05 03:00,2.740416940544698
2025-04-05 04:00,1.5547246738729292
2025-04-05 05:00,3.326760018747717
2025-04-05 06:00,3.6491946954933336
2025-04-05 07:00,9.297114993937816
2025-04-05 08:00,36.50087714066537
2025-04-05 09:00,25.715313760472974
2025-04-05 10:00,38.24920756599862
2025-04-05 11:00,25.987309032053073
2025-04-05 12:00,42.372808265813816
2025-04-05 13:00,45.3974821875327
2025-04-05 14:00,42.00718317243164
2025-04-05 15:00,33.208794663345934
2025-04-05 16:00,29.285077919802077
2025-04-05 17:00,30.99064710463817
2025-04-05 18:00,22.466483506976715
2025-04-05 19:00,21.839337372831697
2025-04-05 20:00,8.370348307726374
2025-04-05 21:00,4.9446982252010745
2025-04-05 22:00,4.096967112980471
2025-04-05 23:00,4.873527453523435
2025-04-06 00:00,13.939380184947897
2025-04-06 01:00,12.709898303729645
2025-04-06 02:00,14.315743697656254
2025-04-06 03:00,9.784825081965046
2025-04-06 04:00,9.721844301803719
2025-04-06 05:00,8.336423546445406
2025-04-06 06:00,5.0324537984461895
2025-04-06 07:00,5.4512882048297575
2025-04-06 08:00,8.624601228984663
2025-04-06 09:00,8.552432264824787
2025-04-06 10:00,8.19213732530147
2025-04-06 11:00,7.606586097813793
2025-04-06 12:00,9.891360915264741
2025-04-06 13:00,11.517533226844538
2025-04-06 14:00,15.485274805977786
2025-04-06 15:00,14.808489977768144
2025-04-06 16:00,14.89887724556317
2025-04-06 17:00,14.242464807407861
2025-04-06 18:00,15.634553404434623
2025-04-06 19:00,12.20756133142071
2025-04-06 20:00,9.566513677400991
2025-04-06 21:00,8.513562540592098
2025-04-06 22:00,11.428301075942871
2025-04-06 23:00,8.487135015948674
2025-04-07 00:00,5.070063341647835
2025-04-07 01:00,3.7210855267309393
2025-04-07 02:00,6.0643023352120125
2025-04-07 03:00,9.73157307593542
2025-04-07 04:00,4.283537015649256
2025-04-07 05:00,4.828468648737546
2025-04-07 06:00,7.83984186526804
2025-04-07 07:00,6.8005104589934025
2025-04-07 08:00,5.265301497534504
2025-04-07 09:00,6.3690659711223585
2025-04-07 10:00,17.931612904261613
2025-04-07 11:00,20.2961166018521
2025-04-07 12:00,33.40630325249526
2025-04-07 13:00,48.90556251428614
2025-04-07 14:00,49.373850500941444
2025-04-07 15:00,54.668343847761534
2025-04-07 16:00,50.10914925352064
2025-04-07 17:00,50.97670752384141
2025-04-07 18:00,45.31155240884445
2025-04-07 19:00,48.15842325241309
2025-04-07 20:00,48.15891270269567
2025-04-07 21:00,49.38488961510738
2025-04-07 22:00,49.22117066373488
2025-04-07 23:00,50.47079401564565
2025-04-08 00:00,56.73746238706727
2025-04-08 01:00,53.195220428907334
2025-04-08 02:00,52.48650780802619
2025-04-08 03:00,42.45173748966512
2025-04-08 04:00,36.1794379461876
2025-04-08 05:00,35.18407763586043
2025-04-08 06:00,40.035726647043624
2025-04-08 07:00,42.259279466535475
2025-04-08 08:00,39.822137735144636
2025-04-08 09:00,35.515281166362044
2025-04-08 10:00,10.928783356531424
2025-04-08 11:00,5.88009328903757
2025-04-08 12:00,5.4716191923131365
2025-04-08 13:00,6.461537702698788
2025-04-08 14:00,14.5649607798841
2025-04-08 15:00,11.631985957430615
2025-04-08 16:00,11.15635122181897
2025-04-08 17:00,10.15658870249701
2025-04-08 18:00,14.434911036318585
2025-04-08 19:00,9.662695263505029
2025-04-08 20:00,7.392973037625081
2025-04-08 21:00,4.716390355568466
2025-04-08 22:00,5.234247110185089
2025-04-08 23:00,3.619834798783042
2025-04-09 00:00,4.460951429680308
2025-04-09 01:00,1.8682896819343262
2025-04-09 02:00,1.3880030098368947
2025-04-09 03:00,1.5241264855412577
2025-04-09 04:00,2.0514696942992248
2025-04-09 05:00,0.6333962056980456
2025-04-09 06:00,2.880477027794483
2025-04-09 07:00,0.5942040905078381
2025-04-09 08:00,4.326624454947796
2025-04-09 09:00,4.787128609060243
2025-04-09 10:00,2.2624259350263802
2025-04-09 11:00,1.6834973956610575
2025-04-09 12:00,2.0429590591653826
2025-04-09 13:00,4.215820454159848
2025-04-09 14:00,4.691406011365894
2025-04-09 15:00,13.59679248231318
2025-04-09 16:00,8.505601582627769
2025-04-09 17:00,5.6221694917183855
2025-04-09 18:00,13.852269133266928
2025-04-09 19:00,9.885058356203793
2025-04-09 20:00,8.323838830741003
2025-04-09 21:00,7.132792125777291
2025-04-09 22:00,6.419400700652067
2025-04-09 23:00,7.681714037274144
2025-04-10 00:00,4.253687429513175
2025-04-10 01:00,1.0695514597247686
2025-04-10 02:00,1.9184795308367142
2025-04-10 03:00,2.6588270197429202
2025-04-10 04:00,5.263105000383087
2025-04-10 05:00,9.416210454384059
2025-04-10 06:00,5.164815838882771
2025-04-10 07:00,2.711556714836562
2025-04-10 08:00,1.008757845698247
2025-04-10 09:00,1.429481397290502
2025-04-10 10:00,0.7468440963175296
2025-04-10 11:00,1.6794103203667257
2025-04-10 12:00,2.756687942595247
2025-04-10 13:00,3.394165559821796
2025-04-10 14:00,5.3585712964853
2025-04-10 15:00,5.946117459474953
2025-04-10 16:00,6.623276298215248
2025-04-10 17:00,7.27637079034738
2025-04-10 18:00,8.34225503105297
2025-04-10 19:00,4.844659779218576
2025-04-10 20:00,5.063195814337044
2025-04-10 21:00,4.579002871961837
2025-04-10 22:00,4.696879452824202
2025-04-10 23:00,2.4896531584598844
2025-04-11 00:00,10.274277382978827
2025-04-11 01:00,8.1954799729665
2025-04-11 02:00,10.008215041970125
2025-04-11 03:00,7.106788784262491
2025-04-11 04:00,7.249180407221527
2025-04-11 05:00,5.354286255219479
2025-04-11 06:00,3.2274154909989554
2025-04-11 07:00,0.493008907859922
2025-04-11 08:00,1.3089326166701105
2025-04-11 09:00,2.6859212077508747
2025-04-11 10:00,1.707555194733494
2025-04-11 11:00,4.516928269770221
2025-04-11 12:00,4.784314808443137
2025-04-11 13:00,4.635006516836278
2025-04-11 14:00,5.667653901683114
2025-04-11 15:00,5.004859323436398
2025-04-11 16:00,5.783581984387659
2025-04-11 17:00,7.664348027220267
2025-04-11 18:00,6.162276448888191
2025-04-11 19:00,3.6603126834603605
2025-04-11 20:00,1.5363786896413676
2025-04-11 21:00,4.742855856645151
2025-04-11 22:00,8.483125795174558
2025-04-11 23:00,5.417460625918198
2025-04-12 00:00,8.264408996968912
2025-04-12 01:00,7.787955801586763
2025-04-12 02:00,8.646946584550308
2025-04-12 03:00,8.987595095303162
2025-04-12 04:00,14.513104585503948
2025-04-12 05:00,12.381336259502863
2025-04-12 06:00,17.12660233717007
2025-04-12 07:00,20.65744284044507
2025-04-12 08:00,24.946092028428087
2025-04-12 09:00,42.0633296550116
2025-04-12 10:00,37.7597673830904
2025-04-12 11:00,44.78717099893434
2025-04-12 12:00,44.58743544238873
2025-04-12 13:00,31.301680088349435
2025-04-12 14:00,38.935444675282554
2025-04-12 15:00,43.55502667091478
2025-04-12 16:00,45.92979971067095
2025-04-12 17:00,44.836618152485094
2025-04-12 18:00,55.950117674369395
2025-04-12 19:00,51.612147811770555
2025-04-12 20:00,52.96716768570991
2025-04-12 21:00,53.73147790535408
2025-04-12 22:00,53.53178567055588
2025-04-12 23:00,54.274180275009385
2025-04-13 00:00,44.55538147324941
2025-04-13 01:00,25.931741180403986
2025-04-13 02:00,14.3382864430268
2025-04-13 03:00,20.749071245661096
2025-04-13 04:00,26.12819591372604
2025-04-13 05:00,27.954699588183992
2025-04-13 06:00,41.94791710743061
2025-04-13 07:00,47.44980028456375
2025-04-13 08:00,41.06244499019869
2025-04-13 09:00,43.46918169754342
2025-04-13 10:00,35.60076562581516
2025-04-13 11:00,36.21680999393176
2025-04-13 12:00,40.42265245291361
2025-04-13 13:00,34.768776821434194
2025-04-13 14:00,34.81230918120063
2025-04-13 15:00,36.12982304229443
2025-04-13 16:00,31.276043312431213
2025-04-13 17:00,33.21417957654908
2025-04-13 18:00,29.110766164778166
2025-04-13 19:00,32.59504830597325
2025-04-13 20:00,41.67949940573204
2025-04-13 21:00,36.12824863831083
2025-04-13 22:00,38.1941627518464
2025-04-13 23:00,32.95489137177078
2025-04-14 00:00,39.97388937503441
2025-04-14 01:00,48.36007215023263
2025-04-14 02:00,49.41772235831791
2025-04-14 03:00,47.990521628160955
2025-04-14 04:00,50.2374870031308
2025-04-14 05:00,44.525300484252554
2025-04-14 06:00,44.96863405411869
2025-04-14 07:00,35.96604257203353
2025-04-14 08:00,41.71793206426085
2025-04-14 09:00,36.14228724275882
2025-04-14 10:00,26.45583599082108
2025-04-14 11:00,21.75709434111556
2025-04-14 12:00,39.96256518324854
2025-04-14 13:00,30.068866791900064
2025-04-14 14:00,26.900864436937407
2025-04-14 15:00,36.809063941424334
2025-04-14 16:00,44.58875450601155
2025-04-14 17:00,42.410235612405145
2025-04-14 18:00,36.30821236846034
2025-04-14 19:00,24.52625445032968
2025-04-14 20:00,58.761041868284025
2025-04-14 21:00,54.8326659649734
2025-04-14 22:00,42.304029576456486
2025-04-14 23:00,36.20698845175207
2025-04-15 00:00,39.81826040324756
2025-04-15 01:00,43.96892403683305
2025-04-15 02:00,44.592668750832495
2025-04-15 03:00,40.47877965814649
2025-04-15 04:00,35.79524501871101
2025-04-15 05:00,30.9521768284637
2025-04-15 06:00,29.362282379436166
2025-04-15 07:00,28.952791860076452
2025-04-15 08:00,27.338242121130733
2025-04-15 09:00,27.10002154312872
2025-04-15 10:00,18.45087993207894
2025-04-15 11:00,21.03302830101918
2025-04-15 12:00,22.757383533821475
2025-04-15 13:00,21.876940428489412
2025-04-15 14:00,18.53083903340878
2025-04-15 15:00,15.590319706256402
2025-04-15 16:00,13.901496963457799
2025-04-15 17:00,13.76033360151437
2025-04-15 18:00,14.049504261167794
2025-04-15 19:00,11.010870573499208
2025-04-15 20:00,9.791605253194227
2025-04-15 21:00,11.399992690341877
2025-04-15 22:00,11.798028947150712
2025-04-15 23:00,13.15233302578898
2025-04-16 00:00,12.238857974573863
2025-04-16 01:00,7.318459648374533
2025-04-16 02:00,8.345619113821694
2025-04-16 03:00,4.571848856981136
2025-04-16 04:00,6.568789845799165
2025-04-16 05:00,14.314370290104355
2025-04-16 06:00,9.548862911778263
2025-04-16 07:00,8.617217041197753
2025-04-16 08:00,8.595011964397038
2025-04-16 09:00,21.49423001310879
2025-04-16 10:00,32.02505870029967
2025-04-16 11:00,34.92794536362092
2025-04-16 12:00,43.89270381137565
2025-04-16 13:00,47.934162040454005
2025-04-16 14:00,48.719693452794
2025-04-16 15:00,52.087673943938945
2025-04-16 16:00,54.19803686615158
2025-04-16 17:00,49.03134174933732
2025-04-16 18:00,41.42616741777476
2025-04-16 19:00,46.31547535116125
2025-04-16 20:00,51.434654129265205
2025-04-16 21:00,54.91323127957929
2025-04-16 22:00,55.114813510387265
2025-04-16 23:00,54.225116322150356
2025-04-17 00:00,57.46430427288426
2025-04-17 01:00,55.79516185627295
2025-04-17 02:00,52.20142473367497
2025-04-17 03:00,51.310282982861274
2025-04-17 04:00,50.7186860498236
2025-04-17 05:00,50.42738728656386
2025-04-17 06:00,52.41683005734541
2025-04-17 07:00,49.13624179301413
2025-04-17 08:00,49.6375362203525
2025-04-17 09:00,47.41307320168682
2025-04-17 10:00,47.44184447487307
2025-04-17 11:00,46.215671408342374
2025-04-17 12:00,44.48681511511895
2025-04-17 13:00,43.410659240076185
2025-04-17 14:00,45.15856402601286
2025-04-17 15:00,40.68212039758296
2025-04-17 16:00,37.28894108135024
2025-04-17 17:00,45.048003664076994
2025-04-17 18:00,36.080150481444974
2025-04-17 19:00,41.32761892414398
2025-04-17 20:00,42.357147100638464
2025-04-17 21:00,35.931461712561045
2025-04-17 22:00,39.2720723371552
2025-04-17 23:00,40.61989576130044
2025-04-18 00:00,28.56619451523309
2025-04-18 01:00,35.751519600813396
2025-04-18 02:00,46.0851541690708
2025-04-18 03:00,47.048487256070786
2025-04-18 04:00,47.92334677678776
2025-04-18 05:00,44.51407945979463
2025-04-18 06:00,43.9942406597698
2025-04-18 07:00,37.09397183433531
2025-04-18 08:00,40.90730225679442
2025-04-18 09:00,43.671537131598036
2025-04-18 10:00,45.1160409107335
2025-04-18 11:00,37.12325153855803
2025-04-18 12:00,24.793023539099686
2025-04-18 13:00,21.60368373950588
2025-04-18 14:00,20.832161912006057
2025-04-18 15:00,21.777691449657706
2025-04-18 16:00,27.58585457907858
2025-04-18 17:00,30.19963555686291
2025-04-18 18:00,24.345637112650877
2025-04-18 19:00,10.182729402196255
2025-04-18 20:00,12.314669328816652
2025-04-18 21:00,26.028802099272163
2025-04-18 22:00,27.831909989521296
2025-04-18 23:00,25.368462176376454
2025-04-19 00:00,20.702709285451956
2025-04-19 01:00,19.148583949079654
2025-04-19 02:00,31.673888732177275
2025-04-19 03:00,38.14274815027785
2025-04-19 04:00,32.98965338725484
2025-04-19 05:00,22.661921004353406
2025-04-19 06:00,35.94603788724247
2025-04-19 07:00,40.530226335075874
2025-04-19 08:00,38.77961183986423
2025-04-19 09:00,35.869574965795586
2025-04-19 10:00,31.825065083841338
2025-04-19 11:00,42.14808080201525
2025-04-19 12:00,47.670047993595
2025-04-19 13:00,46.928002375564674
2025-04-19 14:00,42.81951797384503
2025-04-19 15:00,45.75156939551598
2025-04-19 16:00,51.057261736377896
2025-04-19 17:00,47.62856674730089
2025-04-19 18:00,48.616202101374796
2025-04-19 19:00,42.678546820334205
2025-04-19 20:00,22.825846375120186
2025-04-19 21:00,7.971274228079636
2025-04-19 22:00,5.919083019520868
2025-04-19 23:00,8.970304967357047
2025-04-20 00:00,6.287767153807699
2025-04-20 01:00,4.23616406801255
2025-04-20 02:00,6.821372004973879
2025-04-20 03:00,3.3006292226069167
2025-04-20 04:00,6.234007263736799
2025-04-20 05:00,5.568835680790148
2025-04-20 06:00,6.131814906818243
2025-04-20 07:00,8.215867960537892
2025-04-20 08:00,9.35709211591704
2025-04-20 09:00,9.548641830271027
2025-04-20 10:00,6.505098329420751
2025-04-20 11:00,4.066341680053522
2025-04-20 12:00,4.0933835846559985
2025-04-20 13:00,3.1365565902022072
2025-04-20 14:00,5.513594344866522
2025-04-20 15:00,7.923740211016558
2025-04-20 16:00,6.4049022309481405
2025-04-20 17:00,8.302063812813003
2025-04-20 18:00,6.8789640391616365
2025-04-20 19:00,3.802791143212158
2025-04-20 20:00,3.2026433565980277
2025-04-20 21:00,2.2311025716110366
2025-04-20 22:00,2.7578101873587806
2025-04-20 23:00,3.2147196644478795
2025-04-21 00:00,2.2100253461297705
2025-04-21 01:00,1.6195913919227616
2025-04-21 02:00,2.636769541866512
2025-04-21 03:00,3.1906974578874654
2025-04-21 04:00,2.477421276366935
2025-04-21 05:00,1.8033435552352874
2025-04-21 06:00,3.302243775204856
2025-04-21 07:00,3.1381058917588467
2025-04-21 08:00,2.711958347518249
2025-04-21 09:00,0.39311048177110897
2025-04-21 10:00,3.376003736559281
2025-04-21 11:00,5.406896899820557
2025-04-21 12:00,6.6191646064200444
2025-04-21 13:00,13.50037499647624
2025-04-21 14:00,7.8129691553508245
2025-04-21 15:00,5.8957626887139805
2025-04-21 16:00,7.308878478475897
2025-04-21 17:00,15.232413669259381
2025-04-21 18:00,10.301968172159812
2025-04-21 19:00,5.581142936830165
2025-04-21 20:00,5.326691371482419
2025-04-21 21:00,4.219887713668409
2025-04-21 22:00,1.6745121610571185
2025-04-21 23:00,4.668576979725139
2025-04-22 00:00,4.254960743935776
2025-04-22 01:00,4.094576800914803
2025-04-22 02:00,5.451486219578703
2025-04-22 03:00,3.900357060850105
2025-04-22 04:00,10.25960997999691
2025-04-22 05:00,9.515306960533147
2025-04-22 06:00,8.887391753496903
2025-04-22 07:00,26.748845685014672
2025-04-22 08:00,21.68089937718849
2025-04-22 09:00,38.760634660525604
2025-04-22 10:00,38.92481439709013
2025-04-22 11:00,41.298548809539696
2025-04-22 12:00,42.10813285198201
2025-04-22 13:00,43.23741571947838
2025-04-22 14:00,41.20581414747045
2025-04-22 15:00,48.18757198683906
2025-04-22 16:00,49.01565465814269
2025-04-22 17:00,56.476642808467346
2025-04-22 18:00,54.605794482262056
2025-04-22 19:00,46.38538744532618
2025-04-22 20:00,18.759519136429038
2025-04-22 21:00,7.546638862713201
2025-04-22 22:00,6.265569339202299
2025-04-22 23:00,4.576563881299475
2025-04-23 00:00,10.767647426510115
2025-04-23 01:00,18.10324169599681
2025-04-23 02:00,20.25436996228502
2025-04-23 03:00,16.93015445388932
2025-04-23 04:00,17.631224916612158
2025-04-23 05:00,22.696447118867194
2025-04-23 06:00,22.123186739423453
2025-04-23 07:00,12.140386350384116
2025-04-23 08:00,11.795884835148515
2025-04-23 09:00,6.977171747799273
2025-04-23 10:00,7.431700218088753
2025-04-23 11:00,7.970022589293724
2025-04-23 12:00,5.052730117008441
2025-04-23 13:00,7.092564676575206
2025-04-23 14:00,7.317352694716603
2025-04-23 15:00,9.968499110147844
2025-04-23 16:00,11.552264741994826
2025-04-23 17:00,8.279463735927816
2025-04-23 18:00,5.466384906187858
2025-04-23 19:00,4.4843517219469575
2025-04-23 20:00,3.01467177892681
2025-04-23 21:00,2.854574386281535
2025-04-23 22:00,3.5991353544671436
2025-04-23 23:00,3.6278150133704643
2025-04-24 00:00,2.854611538332221
2025-04-24 01:00,3.6252024879762694
2025-04-24 02:00,5.1317814487848
2025-04-24 03:00,7.391559863590816
2025-04-24 04:00,5.398236182028336
2025-04-24 05:00,3.4757026223313767
2025-04-24 06:00,2.514985053231786
2025-04-24 07:00,1.5733128016198616
2025-04-24 08:00,3.9495254250087006
2025-04-24 09:00,5.0568421664784236
2025-04-24 10:00,7.781953054168864
2025-04-24 11:00,10.419575905326868
2025-04-24 12:00,10.383788757696038
2025-04-24 13:00,10.462127670245154
2025-04-24 14:00,9.27310025308078
2025-04-24 15:00,5.442636106506374
2025-04-24 16:00,4.2391101263082644
2025-04-24 17:00,7.3091083727359205
2025-04-24 18:00,18.438135594528582
2025-04-24 19:00,30.804620977282596
2025-04-24 20:00,29.058527437353696
2025-04-24 21:00,31.618026537558777
2025-04-24 22:00,24.17630659727097
2025-04-24 23:00,19.77961786259465
2025-04-25 00:00,32.598054844441535
2025-04-25 01:00,23.410593713584326
2025-04-25 02:00,21.598187431958376
2025-04-25 03:00,19.28951784734325
2025-04-25 04:00,22.600981601034057
2025-04-25 05:00,25.058002753585964
2025-04-25 06:00,25.479334525659237
2025-04-25 07:00,17.976825105497152
2025-04-25 08:00,14.963453419357316
2025-04-25 09:00,8.229537619235904
2025-04-25 10:00,3.944717244333975
2025-04-25 11:00,5.945659380507775
2025-04-25 12:00,5.999774684711165
2025-04-25 13:00,11.259065286266075
2025-04-25 14:00,14.361859444724391
2025-04-25 15:00,13.365093869059748
2025-04-25 16:00,12.472073673123397
2025-04-25 17:00,10.465810667613113
2025-04-25 18:00,12.66799155502796
2025-04-25 19:00,11.58070215933604
2025-04-25 20:00,4.827295659654762
2025-04-25 21:00,4.663329394490155
2025-04-25 22:00,5.867537018869369
2025-04-25 23:00,6.100315758445488
2025-04-26 00:00,4.9614025585266575
2025-04-26 01:00,5.280737668352814
2025-04-26 02:00,7.997744139198213
2025-04-26 03:00,5.839894035061597
2025-04-26 04:00,4.7361516398673595
2025-04-26 05:00,5.894028209095172
2025-04-26 06:00,6.334835151413041
2025-04-26 07:00,1.9299924515298725
2025-04-26 08:00,7.418235735880186
2025-04-26 09:00,2.4288706828807287
2025-04-26 10:00,2.863756017248173
2025-04-26 11:00,11.329384768977096
2025-04-26 12:00,13.700726583100893
2025-04-26 13:00,14.241949379339545
2025-04-26 14:00,18.83236021923797
2025-04-26 15:00,27.76136611548443
2025-04-26 16:00,26.438339005555964
2025-04-26 17:00,26.154548089348708
2025-04-26 18:00,21.04218076528524
2025-04-26 19:00,21.56773486215999
2025-04-26 20:00,30.699538235532604
2025-04-26 21:00,37.957431023253974
2025-04-26 22:00,38.90462641703533
2025-04-26 23:00,35.498242118903605
2025-04-27 00:00,28.713788396354296
2025-04-27 01:00,14.399127147953283
2025-04-27 02:00,12.129766149589631
2025-04-27 03:00,32.527898457782975
2025-04-27 04:00,26.553040974853204
2025-04-27 05:00,25.268491681957517
2025-04-27 06:00,28.796050494928945
2025-04-27 07:00,23.06978759921531
2025-04-27 08:00,26.313311460969505
2025-04-27 09:00,15.4967419522115
2025-04-27 10:00,12.171464791314724
2025-04-27 11:00,4.597189344638933
2025-04-27 12:00,17.75082141342534
2025-04-27 13:00,9.395861475640071
2025-04-27 14:00,11.316843334476795
2025-04-27 15:00,11.089781385823093
2025-04-27 16:00,8.89041559126379
2025-04-27 17:00,8.130933498411812
2025-04-27 18:00,9.779025632317893
2025-04-27 19:00,9.503920450457105
2025-04-27 20:00,13.02660869537416
2025-04-27 21:00,25.023230918590286
2025-04-27 22:00,26.59677833474883
2025-04-27 23:00,8.675675858218458
2025-04-28 00:00,10.450683549791382
2025-04-28 01:00,12.91557733192393
2025-04-28 02:00,5.2954659018373915
2025-04-28 03:00,8.214023443208156
2025-04-28 04:00,7.40289541485209
2025-04-28 05:00,4.829703477566099
2025-04-28 06:00,12.011807579238896
2025-04-28 07:00,2.6658263880687088
2025-04-28 08:00,7.437010153996682
2025-04-28 09:00,3.795068402324329
2025-04-28 10:00,4.689389164021895
2025-04-28 11:00,7.149317933894698
2025-04-28 12:00,9.975704659738781
2025-04-28 13:00,14.997882697704195
2025-04-28 14:00,27.448240670982617
2025-04-28 15:00,23.225384609079253
2025-04-28 16:00,33.278270229672444
2025-04-28 17:00,33.453546026844194
2025-04-28 18:00,34.85646534345719
2025-04-28 19:00,31.12542718219975
2025-04-28 20:00,16.34794869079616
2025-04-28 21:00,12.083063633460394
2025-04-28 22:00,8.021115586670534
2025-04-28 23:00,6.211491033087222
2025-04-29 00:00,9.974524083388447
2025-04-29 01:00,10.080992339429805
2025-04-29 02:00,7.4528451990168385
2025-04-29 03:00,7.744469461221776
2025-04-29 04:00,7.650129569063915
2025-04-29 05:00,6.297939185850511
2025-04-29 06:00,6.580108033045957
2025-04-29 07:00,4.606627045040925
2025-04-29 08:00,7.156596914528239
2025-04-29 09:00,6.350215119220825
2025-04-29 10:00,4.277378828064028
2025-04-29 11:00,4.836996997076044
2025-04-29 12:00,3.1760371488483354
2025-04-29 13:00,3.526643912285508
2025-04-29 14:00,4.8591643752013605
2025-04-29 15:00,5.42679322047773
2025-04-29 16:00,5.170595001661294
2025-04-29 17:00,8.153757241499802
2025-04-29 18:00,14.566142752743401
2025-04-29 19:00,23.096467728622823
2025-04-29 20:00,25.56537549524016
2025-04-29 21:00,33.66797383879283
2025-04-29 22:00,38.80307368851619
2025-04-29 23:00,39.27372973563139
2025-04-30 00:00,18.037003857295893
2025-04-30 01:00,25.49623057207023
2025-04-30 02:00,28.23920998671117
2025-04-30 03:00,21.44190740143017
2025-04-30 04:00,20.097512400441264
2025-04-30 05:00,20.738916531659555
2025-04-30 06:00,23.87134005114552
2025-04-30 07:00,21.761019473293338
2025-04-30 08:00,24.748094768686748
2025-04-30 09:00,26.449362224300664
2025-04-30 10:00,27.986819141869248
2025-04-30 11:00,30.13423399404973
2025-04-30 12:00,41.06427310346098
2025-04-30 13:00,49.804636917190834
2025-04-30 14:00,46.15266508312692
2025-04-30 15:00,48.76867806796863
2025-04-30 16:00,45.10248646124826
2025-04-30 17:00,35.76330455970677
2025-04-30 18:00,35.692971304892836
2025-04-30 19:00,38.59898977652451
2025-04-30 20:00,43.638845325664626
2025-04-30 21:00,45.78799413056866
2025-04-30 22:00,42.199288754547595
2025-04-30 23:00,40.6967875691246
2025-05-01 00:00,29.284514774454493
2025-05-01 01:00,44.28674434318825
2025-05-01 02:00,44.70279446294265
2025-05-01 03:00,37.199324440046134
2025-05-01 04:00,37.249212529449125
2025-05-01 05:00,42.32278992293918
2025-05-01 06:00,41.30738367480127
2025-05-01 07:00,46.2150663215978
2025-05-01 08:00,55.69333645709174
2025-05-01 09:00,55.2691712317867
2025-05-01 10:00,51.837638046116574
2025-05-01 11:00,53.33968433013556
2025-05-01 12:00,41.766387603600855
2025-05-01 13:00,37.600489916796256
2025-05-01 14:00,23.046365195675556
2025-05-01 15:00,14.384032855210883
2025-05-01 16:00,27.34841986636117
2025-05-01 17:00,17.710522632858492
2025-05-01 18:00,14.51677505674289
2025-05-01 19:00,11.382903199442659
2025-05-01 20:00,6.642740698999696
2025-05-01 21:00,7.473220770603841
2025-05-01 22:00,7.268581561189496
2025-05-01 23:00,6.63794897859165
2025-05-02 00:00,20.397471903969635
2025-05-02 01:00,20.270867448350042
2025-05-02 02:00,30.883941997501214
2025-05-02 03:00,35.99518988824962
2025-05-02 04:00,37.102919492157106
2025-05-02 05:00,31.589946743251133
2025-05-02 06:00,23.97798306790041
2025-05-02 07:00,42.38911787815648
2025-05-02 08:00,47.3223698161393
2025-05-02 09:00,36.78039753410147
2025-05-02 10:00,20.614410179934104
2025-05-02 11:00,21.96591126428688
2025-05-02 12:00,20.15129087822728
2025-05-02 13:00,14.337833337573048
2025-05-02 14:00,12.684878374374398
2025-05-02 15:00,8.650406115126046
2025-05-02 16:00,6.51327974303389
2025-05-02 17:00,5.891564689280765
2025-05-02 18:00,6.396194249283566
2025-05-02 19:00,10.141582993235627
2025-05-02 20:00,5.858548946552904
2025-05-02 21:00,6.22206177057753
2025-05-02 22:00,5.599136499890666
2025-05-02 23:00,3.890689542271378
2025-05-03 00:00,2.6680662390595757
2025-05-03 01:00,1.358298569217641
2025-05-03 02:00,3.9996348065538947
2025-05-03 03:00,7.867582347075901
2025-05-03 04:00,2.7269783035641906
2025-05-03 05:00,9.983903484279892
2025-05-03 06:00,21.48614711551353
2025-05-03 07:00,20.825221442681137
2025-05-03 08:00,11.768250102140597
2025-05-03 09:00,26.469403384223266
2025-05-03 10:00,22.377657062885433
2025-05-03 11:00,15.86007061519911
2025-05-03 12:00,11.678278113893654
2025-05-03 13:00,13.978936016927276
2025-05-03 14:00,9.003412976684771
2025-05-03 15:00,23.43453330638359
2025-05-03 16:00,29.966858093906772
2025-05-03 17:00,38.28489716963084
2025-05-03 18:00,36.613643719261916
2025-05-03 19:00,33.41899617592678
2025-05-03 20:00,21.726966309602318
2025-05-03 21:00,24.80190634150864
2025-05-03 22:00,24.377324844078508
2025-05-03 23:00,13.978515513107169
2025-05-04 00:00,5.37412763016317
2025-05-04 01:00,10.618918210377828
2025-05-04 02:00,10.228313806408963
2025-05-04 03:00,12.078991090577457
2025-05-04 04:00,8.933946065065921
2025-05-04 05:00,10.336518991219055
2025-05-04 06:00,9.571274890920044
2025-05-04 07:00,9.95193161960072
2025-05-04 08:00,8.822999269818801
2025-05-04 09:00,5.660198487535395
2025-05-04 10:00,2.3654062834150156
2025-05-04 11:00,0.9964890843208638
2025-05-04 12:00,6.719588014944808
2025-05-04 13:00,10.262406890352462
2025-05-04 14:00,13.05416276366551
2025-05-04 15:00,10.158669729758675
2025-05-04 16:00,12.479778115303729
2025-05-04 17:00,10.881939010529546
2025-05-04 18:00,5.364796759050611
2025-05-04 19:00,5.698217153838025
2025-05-04 20:00,11.891991799814372
2025-05-04 21:00,5.310951049441581
2025-05-04 22:00,4.286956138853627
2025-05-04 23:00,3.4294826843808996
2025-05-05 00:00,4.404267344123464
2025-05-05 01:00,3.411861068319511
2025-05-05 02:00,1.3286672766897982
2025-05-05 03:00,2.018695521138156
2025-05-05 04:00,1.9401923290635623
2025-05-05 05:00,5.282226363048808
2025-05-05 06:00,2.945538449877208
2025-05-05 07:00,7.424049230909863
2025-05-05 08:00,4.814021061555353
2025-05-05 09:00,3.6532217974145107
2025-05-05 10:00,0.9494648983051208
2025-05-05 11:00,1.2361838655336443
2025-05-05 12:00,0.5544915262821144
2025-05-05 13:00,0.6820897603098584
2025-05-05 14:00,2.1723777896137673
2025-05-05 15:00,0.9430421669352831
2025-05-05 16:00,3.9509728082261337
2025-05-05 17:00,5.202262482141185
2025-05-05 18:00,10.996850363317813
2025-05-05 19:00,17.27198893615526
2025-05-05 20:00,18.828031290470168
2025-05-05 21:00,6.49495767827205
2025-05-05 22:00,18.049784963156085
2025-05-05 23:00,18.569993961111564
2025-05-06 00:00,9.507435411666256
2025-05-06 01:00,5.4697890481534746
2025-05-06 02:00,7.4468192061620595
2025-05-06 03:00,6.517832640650101
2025-05-06 04:00,6.898838590377153
2025-05-06 05:00,9.87978634896097
2025-05-06 06:00,11.920813786962926
2025-05-06 07:00,9.737863738132203
2025-05-06 08:00,4.2964742614620794
2025-05-06 09:00,3.123537497008269
2025-05-06 10:00,3.2350575986285692
2025-05-06 11:00,1.0338630864330556
2025-05-06 12:00,0.0
2025-05-06 13:00,0.3748429253347284
2025-05-06 14:00,2.094488949355463
2025-05-06 15:00,3.8355597032562674
2025-05-06 16:00,7.069941211045298
2025-05-06 17:00,6.5169054182263455
2025-05-06 18:00,3.136118892457814
2025-05-06 19:00,3.1461353611406992
2025-05-06 20:00,3.00747748651695
2025-05-06 21:00,5.125531615909087
2025-05-06 22:00,4.565940980325334
2025-05-06 23:00,4.72774782617308
2025-05-07 00:00,1.8180344898671592
2025-05-07 01:00,8.744196191816341
2025-05-07 02:00,8.01027022390753
2025-05-07 03:00,4.695954447698394
2025-05-07 04:00,3.618279620865512
2025-05-07 05:00,5.172413690366386
2025-05-07 06:00,4.454264614181414
2025-05-07 07:00,0.6545795887559538
2025-05-07 08:00,4.065813862486188
2025-05-07 09:00,1.9115565769290983
2025-05-07 10:00,0.8422698164037982
2025-05-07 11:00,0.27378467107439086
2025-05-07 12:00,1.008452105789739
2025-05-07 13:00,2.7587964318296376
2025-05-07 14:00,4.05885733740141
2025-05-07 15:00,5.421459892335024
2025-05-07 16:00,7.276479149088239
2025-05-07 17:00,6.390875171262056
2025-05-07 18:00,6.09557186935646
2025-05-07 19:00,4.670479832807835
2025-05-07 20:00,2.447958350489888
2025-05-07 21:00,2.4079092971908986
2025-05-07 22:00,1.3666034573401662
2025-05-07 23:00,1.3508759399973385
2025-05-08 00:00,1.936824029510448
2025-05-08 01:00,0.8767659761444895
2025-05-08 02:00,3.407330951978955
2025-05-08 03:00,2.091288394835468
2025-05-08 04:00,1.1057817307073106
2025-05-08 05:00,2.2885333677676836
2025-05-08 06:00,2.6309403850615207
2025-05-08 07:00,1.8681008515462416
2025-05-08 08:00,4.025533708186348
2025-05-08 09:00,1.0044068699375561
2025-05-08 10:00,0.4828202366765238
2025-05-08 11:00,0.2178061825183175
2025-05-08 12:00,0.2942873833085885
2025-05-08 13:00,4.382175812890327
2025-05-08 14:00,2.004979435358792
2025-05-08 15:00,5.37342776517898
2025-05-08 16:00,6.052885086395464
2025-05-08 17:00,4.827421469935712
2025-05-08 18:00,8.24313664877072
2025-05-08 19:00,2.228872456248993
2025-05-08 20:00,1.8716805370324272
2025-05-08 21:00,3.7030496542123084
2025-05-08 22:00,2.225573771710785
2025-05-08 23:00,3.267280400511803
2025-05-09 00:00,5.921144131334467
2025-05-09 01:00,4.207970109000405
2025-05-09 02:00,3.9547197580285407
2025-05-09 03:00,9.153833442785977
2025-05-09 04:00,7.100127144370704
2025-05-09 05:00,13.235434318785979
2025-05-09 06:00,17.32864212820981
2025-05-09 07:00,12.989468473954183
2025-05-09 08:00,13.803837499258943
2025-05-09 09:00,21.645956224591885
2025-05-09 10:00,18.20576657940877
2025-05-09 11:00,28.354379195851322
2025-05-09 12:00,36.984446218905816
2025-05-09 13:00,52.629002091188326
2025-05-09 14:00,48.941099736781936
2025-05-09 15:00,48.728091891805775
2025-05-09 16:00,50.392731078282694
2025-05-09 17:00,46.78402698604736
2025-05-09 18:00,48.34269782035384
2025-05-09 19:00,48.26704524448166
2025-05-09 20:00,51.40623110404176
2025-05-09 21:00,51.271348721176466
2025-05-09 22:00,51.377946149280575
2025-05-09 23:00,49.696042570673036
2025-05-10 00:00,50.95174745805678
2025-05-10 01:00,48.19154154077569
2025-05-10 02:00,46.86917200064501
2025-05-10 03:00,40.26555784168994
2025-05-10 04:00,40.25643920352865
2025-05-10 05:00,36.79003982727739
2025-05-10 06:00,32.052159735798654
2025-05-10 07:00,32.17176022937463
2025-05-10 08:00,38.41555806701565
2025-05-10 09:00,36.09535915121467
2025-05-10 10:00,41.00897138557609
2025-05-10 11:00,43.26565493920492
2025-05-10 12:00,42.418186753406864
2025-05-10 13:00,45.20015617169456
2025-05-10 14:00,42.7377586116858
2025-05-10 15:00,41.158211341893455
2025-05-10 16:00,35.054038564852
2025-05-10 17:00,31.467842971666478
2025-05-10 18:00,28.24680587919033
2025-05-10 19:00,33.64846456335901
2025-05-10 20:00,34.95432270206548
2025-05-10 21:00,22.785865924666023
2025-05-10 22:00,16.82456364134916
2025-05-10 23:00,13.097952216382598
2025-05-11 00:00,24.157175400329184
2025-05-11 01:00,16.694247215525124
2025-05-11 02:00,13.266491363588132
2025-05-11 03:00,10.716757030697432
2025-05-11 04:00,8.157135106961963
2025-05-11 05:00,4.402057856832084
2025-05-11 06:00,5.8386597488394765
2025-05-11 07:00,6.742543188100601
2025-05-11 08:00,5.612142408254741
2025-05-11 09:00,4.1315551624272375
2025-05-11 10:00,0.3226465871233448
2025-05-11 11:00,5.177842445506477
2025-05-11 12:00,7.093025638642658
2025-05-11 13:00,7.577769755028415
2025-05-11 14:00,9.570244729460128
2025-05-11 15:00,10.739989130403341
2025-05-11 16:00,10.837759803408872
2025-05-11 17:00,9.201994273351614
2025-05-11 18:00,11.076950431802212
2025-05-11 19:00,7.5212804612992255
2025-05-11 20:00,6.692702339064662
2025-05-11 21:00,17.912995615559726
2025-05-11 22:00,13.621446159251917
2025-05-11 23:00,19.853923274263405
2025-05-12 00:00,16.450952597872107
2025-05-12 01:00,16.416765442663095
2025-05-12 02:00,19.153613681617063
2025-05-12 03:00,16.703619181784816
2025-05-12 04:00,13.488716013107691
2025-05-12 05:00,12.246454074986094
2025-05-12 06:00,17.451425386213053
2025-05-12 07:00,9.684366224814482
2025-05-12 08:00,16.739265192616568
2025-05-12 09:00,8.32401098121832
2025-05-12 10:00,4.2298964702732125
2025-05-12 11:00,10.45312418288282
2025-05-12 12:00,16.027381175021095
2025-05-12 13:00,16.219328089005394
2025-05-12 14:00,17.589450985784822
2025-05-12 15:00,16.65320932368559
2025-05-12 16:00,16.72663116946267
2025-05-12 17:00,26.288908649358017
2025-05-12 18:00,26.72377590126506
2025-05-12 19:00,21.178328074647904
2025-05-12 20:00,32.216352351258195
2025-05-12 21:00,29.43090170249683
2025-05-12 22:00,37.00849376426166
2025-05-12 23:00,38.72425800872363
2025-05-13 00:00,24.942212550918384
2025-05-13 01:00,21.893057532553044
2025-05-13 02:00,16.559851266127765
2025-05-13 03:00,18.02127183629807
2025-05-13 04:00,16.930214194631745
2025-05-13 05:00,21.65799859758167
2025-05-13 06:00,14.655821229108057
2025-05-13 07:00,15.679496338238613
2025-05-13 08:00,25.13514221160944
2025-05-13 09:00,30.63393293621415
2025-05-13 10:00,22.47102326078502
2025-05-13 11:00,31.224891183200263
2025-05-13 12:00,34.752222798933246
2025-05-13 13:00,33.91911079343551
2025-05-13 14:00,31.350899803648872
2025-05-13 15:00,25.323861948816678
2025-05-13 16:00,25.471132432264746
2025-05-13 17:00,31.587235022517234
2025-05-13 18:00,21.905368783503295
2025-05-13 19:00,16.258824223005917
2025-05-13 20:00,16.693859093135362
2025-05-13 21:00,14.28402552210481
2025-05-13 22:00,9.022031287148671
2025-05-13 23:00,6.321574606434295
2025-05-14 00:00,17.564924014404042
2025-05-14 01:00,8.852767427685972
2025-05-14 02:00,4.362664570546604
2025-05-14 03:00,6.314056401333252
2025-05-14 04:00,5.445817972828038
2025-05-14 05:00,5.1493368335811605
2025-05-14 06:00,3.599547024465181
2025-05-14 07:00,5.798810642210452
2025-05-14 08:00,4.293767021041997
2025-05-14 09:00,2.5673446716273713
2025-05-14 10:00,4.3408030672159015
2025-05-14 11:00,5.4185728426159905
2025-05-14 12:00,15.985401841853747
2025-05-14 13:00,16.23909048317383
2025-05-14 14:00,14.531716238252411
2025-05-14 15:00,22.438274794489764
2025-05-14 16:00,31.43910741218644
2025-05-14 17:00,33.60295041914159
2025-05-14 18:00,27.789421180328315
2025-05-14 19:00,28.73414865126195
2025-05-14 20:00,30.732926610812935
2025-05-14 21:00,15.480042363768527
2025-05-14 22:00,28.051522694310215
2025-05-14 23:00,32.189470151552264
2025-05-15 00:00,34.377708848307584
2025-05-15 01:00,31.97064821657841
2025-05-15 02:00,39.62770387850595
2025-05-15 03:00,46.65604304841639
2025-05-15 04:00,41.72316025830256
2025-05-15 05:00,33.27288459729764
2025-05-15 06:00,39.52997548915834
2025-05-15 07:00,34.648045515220836
2025-05-15 08:00,33.4603596989774
2025-05-15 09:00,32.84454438055005
2025-05-15 10:00,32.07854526860247
2025-05-15 11:00,28.617115454606793
2025-05-15 12:00,21.949766753583933
2025-05-15 13:00,21.93470865294447
2025-05-15 14:00,19.352841525582352
2025-05-15 15:00,23.268882094999686
2025-05-15 16:00,23.460820647798442
2025-05-15 17:00,28.961602733674333
2025-05-15 18:00,27.456327316670667
2025-05-15 19:00,26.620860018594104
2025-05-15 20:00,22.407396654442522
2025-05-15 21:00,17.251104212089707
2025-05-15 22:00,21.79230822494984
2025-05-15 23:00,18.225979934878936
2025-05-16 00:00,18.458742430015825
2025-05-16 01:00,18.580158652386473
2025-05-16 02:00,19.990169658185124
2025-05-16 03:00,20.430365874500104
2025-05-16 04:00,21.400804051608965
2025-05-16 05:00,24.34534240182247
2025-05-16 06:00,10.299369487441565
2025-05-16 07:00,3.3126417276853513
2025-05-16 08:00,5.613721712889249
2025-05-16 09:00,3.701189575332634
2025-05-16 10:00,9.63703925637732
2025-05-16 11:00,16.91541775105345
2025-05-16 12:00,16.6720429898714
2025-05-16 13:00,24.339540967682332
2025-05-16 14:00,6.6754918376439445
2025-05-16 15:00,31.257975846585108
2025-05-16 16:00,17.04224333140082
2025-05-16 17:00,32.29028594603573
2025-05-16 18:00,25.37251103096181
2025-05-16 19:00,31.964906743631836
2025-05-16 20:00,27.835416367521447
2025-05-16 21:00,36.69710925748332
2025-05-16 22:00,31.930466139071257
2025-05-16 23:00,30.28777852611269
2025-05-17 00:00,15.873803962336275
2025-05-17 01:00,13.988805011731653
2025-05-17 02:00,3.929204147879446
2025-05-17 03:00,3.643528227558627
2025-05-17 04:00,5.285606203431082
2025-05-17 05:00,3.4860345192581987
2025-05-17 06:00,9.268430767061258
2025-05-17 07:00,6.595295897910296
2025-05-17 08:00,6.830807693934975
2025-05-17 09:00,11.721125012048262
2025-05-17 10:00,10.447480951660689
2025-05-17 11:00,6.560322985291875
2025-05-17 12:00,3.200063616563982
2025-05-17 13:00,1.435122307227949
2025-05-17 14:00,1.8689940744703655
2025-05-17 15:00,8.1634763736553
2025-05-17 16:00,17.327951180538324
2025-05-17 17:00,13.864807663943138
2025-05-17 18:00,27.69167129239449
2025-05-17 19:00,29.751038189775585
2025-05-17 20:00,14.277775051095789
2025-05-17 21:00,13.827285673381507
2025-05-17 22:00,15.600752251443225
2025-05-17 23:00,18.385767767923355
2025-05-18 00:00,10.400872366361673
2025-05-18 01:00,9.260321374413225
2025-05-18 02:00,17.184469365725437
2025-05-18 03:00,10.937816259916172
2025-05-18 04:00,9.904170014244638
2025-05-18 05:00,6.937224397073092
2025-05-18 06:00,10.907473110196552
2025-05-18 07:00,21.299023255267993
2025-05-18 08:00,15.91382314362408
2025-05-18 09:00,4.239074398984671
2025-05-18 10:00,2.268055736362909
2025-05-18 11:00,1.3538437932783567
2025-05-18 12:00,4.240479144389053
2025-05-18 13:00,3.48840629524386
2025-05-18 14:00,3.9319735579858026
2025-05-18 15:00,3.5746108854524077
2025-05-18 16:00,4.139617197904957
2025-05-18 17:00,4.685595088453892
2025-05-18 18:00,4.236626154840577
2025-05-18 19:00,2.5882571492784985
2025-05-18 20:00,2.523528781386238
2025-05-18 21:00,3.5758692212842185
2025-05-18 22:00,3.74455308205386
2025-05-18 23:00,3.009239371297048
2025-05-19 00:00,0.5776240344527639
2025-05-19 01:00,0.0
2025-05-19 02:00,3.6228345347747806
2025-05-19 03:00,2.327098172676905
2025-05-19 04:00,2.6953512082621147
2025-05-19 05:00,3.3575932449220334
2025-05-19 06:00,20.494288669208554
2025-05-19 07:00,20.620569078738363
2025-05-19 08:00,28.18798715941877
2025-05-19 09:00,37.04989478097409
2025-05-19 10:00,32.69184843974135
2025-05-19 11:00,41.21969798555919
2025-05-19 12:00,53.957071042172586
2025-05-19 13:00,52.173107860357746
2025-05-19 14:00,46.95860430134534
2025-05-19 15:00,49.76902910171639
2025-05-19 16:00,48.17327652750011
2025-05-19 17:00,43.63331749075256
2025-05-19 18:00,35.48943402077062
2025-05-19 19:00,37.22710470062593
2025-05-19 20:00,36.02028079834108
2025-05-19 21:00,30.141491687453538
2025-05-19 22:00,27.298988716631392
2025-05-19 23:00,26.344553589907406
2025-05-20 00:00,44.38832266913074
2025-05-20 01:00,42.77651568936446
2025-05-20 02:00,40.68460114831281
2025-05-20 03:00,25.920863665628254
2025-05-20 04:00,34.917326676982356
2025-05-20 05:00,38.462242167628666
2025-05-20 06:00,34.201661373513815
2025-05-20 07:00,36.05860847105883
2025-05-20 08:00,36.87140675303151
2025-05-20 09:00,34.47250593026401
2025-05-20 10:00,23.651808343949657
2025-05-20 11:00,23.847053685788737
2025-05-20 12:00,18.659354449602734
2025-05-20 13:00,18.66473833231059
2025-05-20 14:00,18.89985704493509
2025-05-20 15:00,20.369727003644655
2025-05-20 16:00,20.12596411189264
2025-05-20 17:00,22.04194618498965
2025-05-20 18:00,20.939553029308644
2025-05-20 19:00,24.837492994729256
2025-05-20 20:00,21.557894823005
2025-05-20 21:00,12.818262934872465
2025-05-20 22:00,13.652293458269222
2025-05-20 23:00,24.370564846139878
2025-05-21 00:00,14.983749126247027
2025-05-21 01:00,11.97185957456572
2025-05-21 02:00,3.117783049017456
2025-05-21 03:00,16.0411147461481
2025-05-21 04:00,6.0615059775568065
2025-05-21 05:00,7.172446079237326
2025-05-21 06:00,6.0603710205973105
2025-05-21 07:00,16.113247639148707
2025-05-21 08:00,9.308096739428926
2025-05-21 09:00,7.192977739927787
2025-05-21 10:00,1.206560022919673
2025-05-21 11:00,0.993142760164784
2025-05-21 12:00,0.7382263502796422
2025-05-21 13:00,0.0
2025-05-21 14:00,0.0
2025-05-21 15:00,0.0
2025-05-21 16:00,1.4826411876853134
2025-05-21 17:00,1.353881025628397
2025-05-21 18:00,1.530299316682899
2025-05-21 19:00,0.6325043374917398
2025-05-21 20:00,2.620642410227003
2025-05-21 21:00,1.0629607544262154
2025-05-21 22:00,1.0818182765888813
2025-05-21 23:00,1.176121593056732
2025-05-22 00:00,4.727079965928553
2025-05-22 01:00,4.575070500251584
2025-05-22 02:00,9.134277846273255
2025-05-22 03:00,16.552669612837967
2025-05-22 04:00,4.125434767406176
2025-05-22 05:00,3.9214950003125497
2025-05-22 06:00,3.1369886509524942
2025-05-22 07:00,3.418728979634298
2025-05-22 08:00,2.077985681366221
2025-05-22 09:00,1.6706361373025043
2025-05-22 10:00,1.75021047050884
2025-05-22 11:00,1.5355273971535888
2025-05-22 12:00,0.5101526693351357
2025-05-22 13:00,1.730418925194084
2025-05-22 14:00,2.3632268869372766
2025-05-22 15:00,5.161638432371208
2025-05-22 16:00,6.266649018343416
2025-05-22 17:00,4.829495375627536
2025-05-22 18:00,2.5633637045221374
2025-05-22 19:00,0.5139246726502976
2025-05-22 20:00,2.8045495079529887
2025-05-22 21:00,2.5647649655496183
2025-05-22 22:00,4.386165604487289
2025-05-22 23:00,9.757925204745757
2025-05-23 00:00,8.286619220779762
2025-05-23 01:00,3.1549496210017565
2025-05-23 02:00,5.455634224089133
2025-05-23 03:00,2.0727921997205243
2025-05-23 04:00,1.0763568689634728
2025-05-23 05:00,1.6086124694447514
2025-05-23 06:00,1.3162412693520906
2025-05-23 07:00,2.047513025300144
2025-05-23 08:00,1.642875554983184
2025-05-23 09:00,0.13604320515564372
2025-05-23 10:00,0.0
2025-05-23 11:00,0.0
2025-05-23 12:00,2.540902101463676
2025-05-23 13:00,0.18292662640109691
2025-05-23 14:00,0.9043123408039082
2025-05-23 15:00,0.08202070929441763
2025-05-23 16:00,0.0
2025-05-23 17:00,1.8641810300245347
2025-05-23 18:00,0.5435516914868965
2025-05-23 19:00,1.027312231611784
2025-05-23 20:00,0.38517856771954273
2025-05-23 21:00,1.1133012907916136
2025-05-23 22:00,2.5655553968582607
2025-05-23 23:00,1.6337414122672245
2025-05-24 00:00,3.8147116147889317
2025-05-24 01:00,7.37948148144542
2025-05-24 02:00,3.4908901294155594
2025-05-24 03:00,4.92153171487622
2025-05-24 04:00,10.157924935933897
2025-05-24 05:00,11.381634781576508
2025-05-24 06:00,8.448118903660268
2025-05-24 07:00,8.35852688609274
2025-05-24 08:00,5.013014165908674
2025-05-24 09:00,2.6591926010200853
2025-05-24 10:00,2.3222430085623857
2025-05-24 11:00,1.6578685184239195
2025-05-24 12:00,1.4661804656474238
2025-05-24 13:00,2.3408195192930794
2025-05-24 14:00,7.882172094349762
2025-05-24 15:00,8.002321892059587
2025-05-24 16:00,7.13919842861407
2025-05-24 17:00,12.049866630842072
2025-05-24 18:00,19.14535219227041
2025-05-24 19:00,10.40695958642023
2025-05-24 20:00,7.6868177519071885
2025-05-24 21:00,6.786193541923543
2025-05-24 22:00,10.364815375756214
2025-05-24 23:00,15.962818622861253
2025-05-25 00:00,32.50318981147475
2025-05-25 01:00,27.496935896542062
2025-05-25 02:00,20.723811831500925
2025-05-25 03:00,13.803250779379738
2025-05-25 04:00,10.329115789493407
2025-05-25 05:00,8.195602244000655
2025-05-25 06:00,6.604590758128113
2025-05-25 07:00,15.733217297266062
2025-05-25 08:00,10.923165237853249
2025-05-25 09:00,3.223870305465089
2025-05-25 10:00,3.2474435805547537
2025-05-25 11:00,2.3897245603230783
2025-05-25 12:00,3.288193681418621
2025-05-25 13:00,3.425316274757304
2025-05-25 14:00,5.107279077661527
2025-05-25 15:00,6.1000117252412736
2025-05-25 16:00,7.546446669411125
2025-05-25 17:00,4.193912827280786
2025-05-25 18:00,5.394084051532059
2025-05-25 19:00,6.002317147037596
2025-05-25 20:00,0.0004387047772804742
2025-05-25 21:00,0.0
2025-05-25 22:00,2.575107477716079
2025-05-25 23:00,3.803014224219409
2025-05-26 00:00,2.1115144643494803
2025-05-26 01:00,1.9476871249684407
2025-05-26 02:00,3.990998784986076
2025-05-26 03:00,6.758528787104559
2025-05-26 04:00,4.494136197863709
2025-05-26 05:00,2.2325920299047226
2025-05-26 06:00,1.5824581434946934
2025-05-26 07:00,3.9358523529106266
2025-05-26 08:00,3.476114126062337
2025-05-26 09:00,6.786692340919993
2025-05-26 10:00,3.263496674736386
2025-05-26 11:00,6.344431461764572
2025-05-26 12:00,5.569940546582405
2025-05-26 13:00,4.7414290130814445
2025-05-26 14:00,5.181930874050577
2025-05-26 15:00,5.193637878848338
2025-05-26 16:00,4.571185060461463
2025-05-26 17:00,4.318948062926388
2025-05-26 18:00,4.531799698286277
2025-05-26 19:00,2.839828289482065
2025-05-26 20:00,5.484250254360589
2025-05-26 21:00,12.500322950464364
2025-05-26 22:00,7.823057526127897
2025-05-26 23:00,16.09248937232576
2025-05-27 00:00,10.145488613528716
2025-05-27 01:00,10.695797930544433
2025-05-27 02:00,11.792028502502925
2025-05-27 03:00,12.820115278606906
2025-05-27 04:00,10.7679320419095
2025-05-27 05:00,7.916173326072288
2025-05-27 06:00,5.962143100580402
2025-05-27 07:00,5.272931484493781
2025-05-27 08:00,4.472785010252701
2025-05-27 09:00,0.0
2025-05-27 10:00,0.7078394422564782
2025-05-27 11:00,0.7058542021457508
2025-05-27 12:00,1.3742060555057787
2025-05-27 13:00,4.19244253642429
2025-05-27 14:00,3.5459228932469293
2025-05-27 15:00,4.228889865555728
2025-05-27 16:00,2.0197317083578024
2025-05-27 17:00,4.335304098668184
2025-05-27 18:00,3.7285911062021344
2025-05-27 19:00,4.8692584230369444
2025-05-27 20:00,0.0
2025-05-27 21:00,0.0
2025-05-27 22:00,0.1962777986928046
2025-05-27 23:00,2.980146519497595
2025-05-28 00:00,1.0318995470543988
2025-05-28 01:00,2.6481949446177713
2025-05-28 02:00,0.02500007831483364
2025-05-28 03:00,4.693366409645651
2025-05-28 04:00,1.2440721542953685
2025-05-28 05:00,0.6378541460830132
2025-05-28 06:00,1.1908279952639103
2025-05-28 07:00,1.5330957728402357
2025-05-28 08:00,3.167454288971842
2025-05-28 09:00,1.5998992023261662
2025-05-28 10:00,0.4876834353753145
2025-05-28 11:00,0.8349444161240229
2025-05-28 12:00,1.4048254783167549
2025-05-28 13:00,3.601497938147681
2025-05-28 14:00,7.274389744491275
2025-05-28 15:00,8.652973271934023
2025-05-28 16:00,4.607863084668868
2025-05-28 17:00,11.697448977699448
2025-05-28 18:00,7.127921026264098
2025-05-28 19:00,4.699826744779911
2025-05-28 20:00,4.851851571884757
2025-05-28 21:00,5.681927468614951
2025-05-28 22:00,3.12188911920636
2025-05-28 23:00,2.5644806184934934
2025-05-29 00:00,2.8269777689383044
2025-05-29 01:00,3.704844047887423
2025-05-29 02:00,1.7715427212887853
2025-05-29 03:00,2.832168399461555
2025-05-29 04:00,1.9119496799653006
2025-05-29 05:00,0.19273571705372272
2025-05-29 06:00,1.1926601652010926
2025-05-29 07:00,0.5169060551376732
2025-05-29 08:00,1.802754875317311
2025-05-29 09:00,1.1991375642868547
2025-05-29 10:00,0.0
2025-05-29 11:00,0.0
2025-05-29 12:00,4.252696624326292
2025-05-29 13:00,7.695364297412667
2025-05-29 14:00,17.53782849197768
2025-05-29 15:00,23.050129760805504
2025-05-29 16:00,26.009052764448874
2025-05-29 17:00,15.45541436979597
2025-05-29 18:00,5.714772018584938
2025-05-29 19:00,7.260355162138057
2025-05-29 20:00,5.428072144092642
2025-05-29 21:00,2.7290319451557785
2025-05-29 22:00,2.0973034475840793
2025-05-29 23:00,1.0289436788925732
2025-05-30 00:00,3.715894376537629
2025-05-30 01:00,4.383525252432161
2025-05-30 02:00,7.306618644427983
2025-05-30 03:00,5.867651956992487
2025-05-30 04:00,5.018949972296115
2025-05-30 05:00,1.7640394887558122
2025-05-30 06:00,1.8272256518830736
2025-05-30 07:00,1.1775942729707933
2025-05-30 08:00,3.5557366540806283
2025-05-30 09:00,1.497436881739131
2025-05-30 10:00,0.8152875394816763
2025-05-30 11:00,3.1424437639014546
2025-05-30 12:00,7.496922392725175
2025-05-30 13:00,7.848169207638151
2025-05-30 14:00,8.44277895183727
2025-05-30 15:00,10.471301757122237
2025-05-30 16:00,8.74491919855607
2025-05-30 17:00,5.764111511348744
2025-05-30 18:00,3.925159406241109
2025-05-30 19:00,2.5995088766528927
2025-05-30 20:00,1.5820532558874036
2025-05-30 21:00,1.1373339265189437
2025-05-30 22:00,0.8148259448237272
2025-05-30 23:00,2.033507802455818
2025-05-31 00:00,3.5568033635731657
2025-05-31 01:00,2.4077259718770994
2025-05-31 02:00,5.034423922663661
2025-05-31 03:00,4.2209271002059126
2025-05-31 04:00,5.665219068655219
2025-05-31 05:00,4.241895665661657
2025-05-31 06:00,2.3558862039358726
2025-05-31 07:00,2.883983408397602
2025-05-31 08:00,2.673944243898438
2025-05-31 09:00,1.5481248297012131
2025-05-31 10:00,0.4847508748944626
2025-05-31 11:00,0.5265230107199508
2025-05-31 12:00,1.0071267122081988
2025-05-31 13:00,2.7289637296851312
2025-05-31 14:00,3.577006832003332
2025-05-31 15:00,6.519603210157739
2025-05-31 16:00,4.888293185453173
2025-05-31 17:00,4.662602938627906
2025-05-31 18:00,6.9803590231232056
2025-05-31 19:00,5.2476835786303715
2025-05-31 20:00,4.803472436532475
2025-05-31 21:00,2.0986818302167003
2025-05-31 22:00,2.266227591939782
2025-05-31 23:00,3.4472586681205333
2025-06-01 00:00,3.077409046928669
2025-06-01 01:00,2.384137799541308
2025-06-01 02:00,1.1585928875481364
2025-06-01 03:00,1.5671292438727131
2025-06-01 04:00,1.5414602595320206
2025-06-01 05:00,0.7103006372808678
2025-06-01 06:00,0.5420174791630266
2025-06-01 07:00,0.8260679039628538
2025-06-01 08:00,4.043143948300676
2025-06-01 09:00,0.7841758586404569
2025-06-01 10:00,0.23587342135679829
2025-06-01 11:00,0.9708939709437311
2025-06-01 12:00,0.35359094800547974
2025-06-01 13:00,0.5516505784267378
2025-06-01 14:00,3.607345059521398
2025-06-01 15:00,5.118830468952381
2025-06-01 16:00,2.6859946542243707
2025-06-01 17:00,2.3663378147016
2025-06-01 18:00,2.9439468906905555
2025-06-01 19:00,4.744452282249651
2025-06-01 20:00,3.626831935550123
2025-06-01 21:00,2.773281182690364
2025-06-01 22:00,1.5543926939661001
2025-06-01 23:00,6.58386585732116
2025-06-02 00:00,2.8131608523000873
2025-06-02 01:00,3.4991878568742374
2025-06-02 02:00,1.4248473527893335
2025-06-02 03:00,2.1017285204517555
2025-06-02 04:00,0.904412045804126
2025-06-02 05:00,0.6706510953672298
2025-06-02 06:00,0.17179917845186754
2025-06-02 07:00,1.0004317988163658
2025-06-02 08:00,3.215463099027509
2025-06-02 09:00,1.983242017025038
2025-06-02 10:00,6.945007766689996
2025-06-02 11:00,8.44188996692096
2025-06-02 12:00,5.987839431971021
2025-06-02 13:00,1.0139848383353158
2025-06-02 14:00,0.0
2025-06-02 15:00,0.0
2025-06-02 16:00,1.2798244175414608
2025-06-02 17:00,5.173605037563609
2025-06-02 18:00,4.578177992660521
2025-06-02 19:00,3.906087523730496
2025-06-02 20:00,5.426909659964302
2025-06-02 21:00,6.913756675724849
2025-06-02 22:00,5.470255219253984
2025-06-02 23:00,6.27710192045941
2025-06-03 00:00,4.0872491257976495
2025-06-03 01:00,4.656765429222758
2025-06-03 02:00,4.939361546488632
2025-06-03 03:00,4.413400269746589
2025-06-03 04:00,4.441974153560004
2025-06-03 05:00,6.299534804138595
2025-06-03 06:00,7.1646796055863184
2025-06-03 07:00,15.93185961154807
2025-06-03 08:00,16.524253730636474
2025-06-03 09:00,9.914314298455517
2025-06-03 10:00,8.100080274591816
2025-06-03 11:00,8.343960992454232
2025-06-03 12:00,4.997519004610166
2025-06-03 13:00,7.9384112537993605
2025-06-03 14:00,10.318690657221493
2025-06-03 15:00,7.849515803112463
2025-06-03 16:00,7.487966063648294
2025-06-03 17:00,6.850400799835546
2025-06-03 18:00,6.69486366413403
2025-06-03 19:00,5.296340927042384
2025-06-03 20:00,8.50141379962907
2025-06-03 21:00,10.59529495770654
2025-06-03 22:00,13.321662033117278
2025-06-03 23:00,14.92129073149987
2025-06-04 00:00,20.40207317561255
2025-06-04 01:00,23.781373661009052
2025-06-04 02:00,26.000993871263002
2025-06-04 03:00,32.19584276822881
2025-06-04 04:00,21.20797363734036
2025-06-04 05:00,32.7326583362485
2025-06-04 06:00,29.672202573731283
2025-06-04 07:00,29.520799972002624
2025-06-04 08:00,33.67333577826105
2025-06-04 09:00,22.594165335978243
2025-06-04 10:00,10.187475591996057
2025-06-04 11:00,9.869622812618996
2025-06-04 12:00,5.970528164320829
2025-06-04 13:00,6.442160711471534
2025-06-04 14:00,15.40152778664773
2025-06-04 15:00,15.745472337728609
2025-06-04 16:00,14.345642068762402
2025-06-04 17:00,17.10955435430096
2025-06-04 18:00,14.13186012971223
2025-06-04 19:00,9.112261787018992
2025-06-04 20:00,2.653849431249008
2025-06-04 21:00,6.974678563986952
2025-06-04 22:00,3.5832232453931803
2025-06-04 23:00,3.2597899701533892
2025-06-05 00:00,7.192287203670819
2025-06-05 01:00,4.465074749852821
2025-06-05 02:00,11.723158141379882
2025-06-05 03:00,9.492366215213185
2025-06-05 04:00,6.855659898344236
2025-06-05 05:00,10.957018500429076
2025-06-05 06:00,7.101659349049315
2025-06-05 07:00,8.707325994171498
2025-06-05 08:00,3.449427766118144
2025-06-05 09:00,1.4436944307571449
2025-06-05 10:00,1.8710325858780754
2025-06-05 11:00,2.2544702931317677
2025-06-05 12:00,1.9864915178704163
2025-06-05 13:00,6.362825055249663
2025-06-05 14:00,8.12791086386191
2025-06-05 15:00,8.507024903053365
2025-06-05 16:00,11.89549688757066
2025-06-05 17:00,12.380677735096333
2025-06-05 18:00,14.692361253281927
2025-06-05 19:00,20.82069994837833
2025-06-05 20:00,26.227900099392922
2025-06-05 21:00,40.81694731260618
2025-06-05 22:00,41.28592814451315
2025-06-05 23:00,38.31574987866297
2025-06-06 00:00,28.83926657016381
2025-06-06 01:00,32.19641227835625
2025-06-06 02:00,30.897297155764246
2025-06-06 03:00,36.899637439200056
2025-06-06 04:00,37.975177713489295
2025-06-06 05:00,23.378958779503478
2025-06-06 06:00,25.37655572206668
2025-06-06 07:00,31.636414593465876
2025-06-06 08:00,27.568825985322675
2025-06-06 09:00,26.04938114176946
2025-06-06 10:00,14.191514293323243
2025-06-06 11:00,18.54975055604534
2025-06-06 12:00,18.652474443285485
2025-06-06 13:00,12.465920610252962
2025-06-06 14:00,9.762836138231053
2025-06-06 15:00,15.229179599182093
2025-06-06 16:00,13.98811921920925
2025-06-06 17:00,9.820973615425896
2025-06-06 18:00,15.692243843300218
2025-06-06 19:00,12.556702428929833
2025-06-06 20:00,6.958380815913438
2025-06-06 21:00,5.063396490743001
2025-06-06 22:00,8.505834302464644
2025-06-06 23:00,7.32193915476606
2025-06-07 00:00,31.452166141514354
2025-06-07 01:00,26.227382654606423
2025-06-07 02:00,9.791291737949859
2025-06-07 03:00,7.306396566954506
2025-06-07 04:00,11.060992215748724
2025-06-07 05:00,11.620264665371442
2025-06-07 06:00,16.749815876438593
2025-06-07 07:00,10.22735457136448
2025-06-07 08:00,6.082063155932016
2025-06-07 09:00,10.91532989267532
2025-06-07 10:00,16.210447249606908
2025-06-07 11:00,15.871944116083899
2025-06-07 12:00,15.024096148440773
2025-06-07 13:00,11.141574692902497
2025-06-07 14:00,7.914285777200822
2025-06-07 15:00,7.530077930103297
2025-06-07 16:00,8.535694057939013
2025-06-07 17:00,9.272262003643927
2025-06-07 18:00,9.116893015483264
2025-06-07 19:00,1.6420283852374584
2025-06-07 20:00,1.892109837556378
2025-06-07 21:00,2.2717040634966725
2025-06-07 22:00,1.889297396857563
2025-06-07 23:00,2.12612254019379
2025-06-08 00:00,0.08702675522074088
2025-06-08 01:00,0.0
2025-06-08 02:00,0.7999220304267529
2025-06-08 03:00,0.8077810360069315
2025-06-08 04:00,0.30352920089589386
2025-06-08 05:00,1.202389036319254
2025-06-08 06:00,0.5259368760963594
2025-06-08 07:00,0.0
2025-06-08 08:00,0.5632539176498967
2025-06-08 09:00,0.0
2025-06-08 10:00,0.0
2025-06-08 11:00,1.5263782832818165
2025-06-08 12:00,0.9936869663761327
2025-06-08 13:00,1.524287058518056
2025-06-08 14:00,0.012108040939506792
2025-06-08 15:00,4.772080180327657
2025-06-08 16:00,6.725604026355161
2025-06-08 17:00,5.70272420954363
2025-06-08 18:00,2.9016453478787576
2025-06-08 19:00,2.6716786497608735
2025-06-08 20:00,0.07761064488878122
2025-06-08 21:00,2.1431965121568872
2025-06-08 22:00,0.4007461542064017
2025-06-08 23:00,3.0996806769652183
2025-06-09 00:00,2.846320777288931
2025-06-09 01:00,0.7507989991823686
2025-06-09 02:00,0.0
2025-06-09 03:00,0.3947141019391611
2025-06-09 04:00,0.6100141795160046
2025-06-09 05:00,0.9692206047702321
2025-06-09 06:00,0.7406378191256027
2025-06-09 07:00,1.485213528431508
2025-06-09 08:00,0.3922625078782602
2025-06-09 09:00,0.0
2025-06-09 10:00,0.0
2025-06-09 11:00,0.0
2025-06-09 12:00,0.4543968732659198
2025-06-09 13:00,1.1760317894626255
2025-06-09 14:00,0.9958629470958823
2025-06-09 15:00,3.6486234205343804
2025-06-09 16:00,4.040544537541023
2025-06-09 17:00,4.728994673491143
2025-06-09 18:00,5.678034719005813
2025-06-09 19:00,3.029778503182351
2025-06-09 20:00,2.794252600125925
2025-06-09 21:00,0.0
2025-06-09 22:00,0.0
2025-06-09 23:00,0.006117538965722202
2025-06-10 00:00,0.9912472633781875
2025-06-10 01:00,0.5363992787270948
2025-06-10 02:00,0.0
2025-06-10 03:00,7.41925814098772
2025-06-10 04:00,18.894535330653778
2025-06-10 05:00,14.585980927039296
2025-06-10 06:00,3.773082433150127
2025-06-10 07:00,10.075514906773606
2025-06-10 08:00,3.7440793140565996
2025-06-10 09:00,1.1692886418941983
2025-06-10 10:00,1.14101430104669
2025-06-10 11:00,0.4085830583891928
2025-06-10 12:00,2.0269705086774685
2025-06-10 13:00,7.3566086688881605
2025-06-10 14:00,2.8634525684626135
2025-06-10 15:00,6.554783211404329
2025-06-10 16:00,8.007973830096102
2025-06-10 17:00,10.338780448080668
2025-06-10 18:00,8.524632175005667
2025-06-10 19:00,1.3054152592437138
2025-06-10 20:00,0.8634976236789214
2025-06-10 21:00,0.7813500513006097
2025-06-10 22:00,1.5224619760910727
2025-06-10 23:00,1.3183066631407105
2025-06-11 00:00,0.3735511117788657
2025-06-11 01:00,0.9002868480137711
2025-06-11 02:00,2.6667748510726197
2025-06-11 03:00,4.560674933653511
2025-06-11 04:00,5.3607883579944176
2025-06-11 05:00,3.762853160358891
2025-06-11 06:00,3.177858801955741
2025-06-11 07:00,1.2839816618376172
2025-06-11 08:00,3.753686462468401
2025-06-11 09:00,1.2011143183554625
2025-06-11 10:00,2.9733463518509153
2025-06-11 11:00,4.719974009078203
2025-06-11 12:00,6.907068607095809
2025-06-11 13:00,7.088469854145907
2025-06-11 14:00,9.46898131172007
2025-06-11 15:00,11.58065877941981
2025-06-11 16:00,15.753791723005637
2025-06-11 17:00,17.960458229983132
2025-06-11 18:00,14.716358033878727
2025-06-11 19:00,6.702579553809983
2025-06-11 20:00,4.896607259440221
2025-06-11 21:00,3.691611192987831
2025-06-11 22:00,1.8765170840494025
2025-06-11 23:00,1.1208561594482007
2025-06-12 00:00,6.908465470000925
2025-06-12 01:00,6.860070328572569
2025-06-12 02:00,3.424608705425863
2025-06-12 03:00,6.84526347326828
2025-06-12 04:00,1.4293287777451393
2025-06-12 05:00,1.7076607033120033
2025-06-12 06:00,2.450345814146459
2025-06-12 07:00,3.0838832192357444
2025-06-12 08:00,4.897398559645375
2025-06-12 09:00,1.2325001004399176
2025-06-12 10:00,1.07107250663951
2025-06-12 11:00,0.0
2025-06-12 12:00,0.4131809091554652
2025-06-12 13:00,0.5794045876645071
2025-06-12 14:00,0.4974141901556599
2025-06-12 15:00,4.197794134537895
2025-06-12 16:00,8.841395206632974
2025-06-12 17:00,4.7446247659539855
2025-06-12 18:00,8.818888371489905
2025-06-12 19:00,11.221030105961534
2025-06-12 20:00,2.19015543273098
2025-06-12 21:00,2.4389965271377814
2025-06-12 22:00,0.40830440707764937
2025-06-12 23:00,1.635311209577889
2025-06-13 00:00,0.6398964908171898
2025-06-13 01:00,0.8823701086580751
2025-06-13 02:00,0.8761887885537816
2025-06-13 03:00,0.0
2025-06-13 04:00,0.806587887682392
2025-06-13 05:00,0.938117983562941
2025-06-13 06:00,2.103726535196391
2025-06-13 07:00,3.842600337307595
2025-06-13 08:00,1.1231399913329303
2025-06-13 09:00,0.3111243355036868
2025-06-13 10:00,0.0849823309490802
2025-06-13 11:00,0.0
2025-06-13 12:00,0.0
2025-06-13 13:00,5.385216127742444
2025-06-13 14:00,5.654068203499017
2025-06-13 15:00,18.084026331907353
2025-06-13 16:00,15.178074717454901
2025-06-13 17:00,4.850187446313756
2025-06-13 18:00,4.604485498366392
2025-06-13 19:00,11.668912039498043
2025-06-13 20:00,10.81544359807858
2025-06-13 21:00,25.77509736240504
2025-06-13 22:00,30.04473391874114
2025-06-13 23:00,26.862134542293017
2025-06-14 00:00,1.9786928722195745
2025-06-14 01:00,5.2523405648139185
2025-06-14 02:00,12.086649219987113
2025-06-14 03:00,13.34424440391591
2025-06-14 04:00,18.369878680752407
2025-06-14 05:00,19.68671904488869
2025-06-14 06:00,30.06968158629502
2025-06-14 07:00,28.41566067881344
2025-06-14 08:00,17.314905955930513
2025-06-14 09:00,18.40800951178982
2025-06-14 10:00,17.769856899571252
2025-06-14 11:00,14.363891871411187
2025-06-14 12:00,11.817529920688372
2025-06-14 13:00,11.391447397870778
2025-06-14 14:00,14.917372636614921
2025-06-14 15:00,16.645156092377643
2025-06-14 16:00,12.802415514599119
2025-06-14 17:00,10.360168931732453
2025-06-14 18:00,6.896445465797303
2025-06-14 19:00,3.9595860135374936
2025-06-14 20:00,4.311310595338814
2025-06-14 21:00,1.430766299177221
2025-06-14 22:00,0.9645366869383412
2025-06-14 23:00,3.611028844164063
2025-06-15 00:00,10.312539809579977
2025-06-15 01:00,9.26856397889293
2025-06-15 02:00,4.873406135251647
2025-06-15 03:00,2.862869160147859
2025-06-15 04:00,5.940954544013166
2025-06-15 05:00,4.872969993485381
2025-06-15 06:00,4.893568796952981
2025-06-15 07:00,3.9091231791065635
2025-06-15 08:00,6.489773522858679
2025-06-15 09:00,4.344388739468102
2025-06-15 10:00,1.3547558090657774
2025-06-15 11:00,7.185227844907616
2025-06-15 12:00,25.282318553045755
2025-06-15 13:00,16.39469059922959
2025-06-15 14:00,21.2100435635939
2025-06-15 15:00,33.27319674853909
2025-06-15 16:00,28.250289655173546
2025-06-15 17:00,36.67162930487415
2025-06-15 18:00,36.96882211291667
2025-06-15 19:00,38.34459650040528
2025-06-15 20:00,38.44550745854115
2025-06-15 21:00,36.605171361699426
2025-06-15 22:00,45.07762217526114
2025-06-15 23:00,40.241524447990194
2025-06-16 00:00,37.289817771898356
2025-06-16 01:00,37.32712825449305
2025-06-16 02:00,42.938715463728585
2025-06-16 03:00,40.445101898060564
2025-06-16 04:00,37.40796469822847
2025-06-16 05:00,38.29822822013792
2025-06-16 06:00,32.45997299713695
2025-06-16 07:00,36.71788626804925
2025-06-16 08:00,35.43763012153894
2025-06-16 09:00,36.569846435183145
2025-06-16 10:00,33.0987323565831
2025-06-16 11:00,39.288503590245384
2025-06-16 12:00,41.133105347698745
2025-06-16 13:00,43.995485602199324
2025-06-16 14:00,44.55089280132854
2025-06-16 15:00,43.523208812989076
2025-06-16 16:00,45.37692472450446
2025-06-16 17:00,51.54975814321406
2025-06-16 18:00,47.36063619750648
2025-06-16 19:00,41.47670495413821
2025-06-16 20:00,38.065405223977194
2025-06-16 21:00,30.984778135457617
2025-06-16 22:00,36.29385455056959
2025-06-16 23:00,34.52008828234614
2025-06-17 00:00,29.091853477002584
2025-06-17 01:00,31.885472597988034
2025-06-17 02:00,32.00547093452986
2025-06-17 03:00,32.1521143914643
2025-06-17 04:00,38.399423866499426
2025-06-17 05:00,38.405510693440014
2025-06-17 06:00,40.264890095178885
2025-06-17 07:00,38.39468494115457
2025-06-17 08:00,39.534490798439855
2025-06-17 09:00,32.29278607263344
2025-06-17 10:00,36.55655443521152
2025-06-17 11:00,34.2153901079576
2025-06-17 12:00,30.726783422755595
2025-06-17 13:00,28.37416467203569
2025-06-17 14:00,32.433269369216816
2025-06-17 15:00,32.66671534405753
2025-06-17 16:00,31.345926365196394
2025-06-17 17:00,32.8004088980489
2025-06-17 18:00,32.8011588614758
2025-06-17 19:00,35.80257846011262
2025-06-17 20:00,28.185106068347167
2025-06-17 21:00,16.657981787496418
2025-06-17 22:00,14.142741407580688
2025-06-17 23:00,12.099879845180913
2025-06-18 00:00,14.683644745803416
2025-06-18 01:00,17.939715040975994
2025-06-18 02:00,18.00307793091102
2025-06-18 03:00,14.643829221534807
2025-06-18 04:00,10.636656450726216
2025-06-18 05:00,0.9626166935469429
2025-06-18 06:00,1.749898403395008
2025-06-18 07:00,5.109852570242493
2025-06-18 08:00,1.1900760568471942
2025-06-18 09:00,0.06982588836111558
2025-06-18 10:00,0.0
2025-06-18 11:00,0.524699100151279
2025-06-18 12:00,0.26342387986557847
2025-06-18 13:00,0.6088713984131618
2025-06-18 14:00,0.5349819968509757
2025-06-18 15:00,1.1920131650771981
2025-06-18 16:00,2.0430905027298367
2025-06-18 17:00,1.7380678076954053
2025-06-18 18:00,2.9177631090312874
2025-06-18 19:00,2.1018500343206257
2025-06-18 20:00,0.9038038215266592
2025-06-18 21:00,1.3110154172425212
2025-06-18 22:00,2.473816836840069
2025-06-18 23:00,3.2465305415532852
2025-06-19 00:00,1.3856735243175755
2025-06-19 01:00,1.3231109900255316
2025-06-19 02:00,1.7843362609561162
2025-06-19 03:00,2.695080484146466
2025-06-19 04:00,0.9586317161134512
2025-06-19 05:00,1.0956962986782361
2025-06-19 06:00,1.8509557518771222
2025-06-19 07:00,3.0313080942950172
2025-06-19 08:00,1.2019751008692903
2025-06-19 09:00,0.681092475057969
2025-06-19 10:00,0.47272355599819016
2025-06-19 11:00,0.9749402202149346
2025-06-19 12:00,0.9631509908065021
2025-06-19 13:00,3.518039663407433
2025-06-19 14:00,2.6693328346237992
2025-06-19 15:00,11.99625460710027
2025-06-19 16:00,16.15125624521661
2025-06-19 17:00,23.170521802020783
2025-06-19 18:00,16.66614256905458
2025-06-19 19:00,19.88339293988495
2025-06-19 20:00,24.30386539130966
2025-06-19 21:00,32.77745060075003
2025-06-19 22:00,23.91420860560079
2025-06-19 23:00,21.28758611929928
2025-06-20 00:00,35.49078872238935
2025-06-20 01:00,45.817309970566846
2025-06-20 02:00,42.0280786932912
2025-06-20 03:00,37.04391247084527
2025-06-20 04:00,33.460012584140806
2025-06-20 05:00,33.87615787358029
2025-06-20 06:00,31.506733770498563
2025-06-20 07:00,50.38857098006297
2025-06-20 08:00,47.8452342816154
2025-06-20 09:00,47.218672399042084
2025-06-20 10:00,45.26290757190249
2025-06-20 11:00,44.540444056643786
2025-06-20 12:00,42.028160880626416
2025-06-20 13:00,41.84419254076989
2025-06-20 14:00,43.72231972888013
2025-06-20 15:00,45.86576760686633
2025-06-20 16:00,52.167603058647416
2025-06-20 17:00,50.67604249293339
2025-06-20 18:00,43.75024781120453
2025-06-20 19:00,49.425955867211094
2025-06-20 20:00,44.00463042475952
2025-06-20 21:00,45.47589058379915
2025-06-20 22:00,43.82509886263758
2025-06-20 23:00,48.07071750447142
2025-06-21 00:00,37.83095756190405
2025-06-21 01:00,36.17496216582443
2025-06-21 02:00,34.588064227977306
2025-06-21 03:00,37.67638361383846
2025-06-21 04:00,37.416996017792435
2025-06-21 05:00,36.93196718802152
2025-06-21 06:00,36.551620288225585
2025-06-21 07:00,37.31133344248602
2025-06-21 08:00,38.86835033200741
2025-06-21 09:00,39.11121824631107
2025-06-21 10:00,41.19232001004566
2025-06-21 11:00,32.81443532146557
2025-06-21 12:00,25.725071590812902
2025-06-21 13:00,23.836981063949366
2025-06-21 14:00,22.49104219739683
2025-06-21 15:00,28.333511823153167
2025-06-21 16:00,41.939837825324254
2025-06-21 17:00,24.78298683192951
2025-06-21 18:00,21.122131190743758
2025-06-21 19:00,10.791487101415182
2025-06-21 20:00,1.2484603257280318
2025-06-21 21:00,1.6181696144471434
2025-06-21 22:00,0.5388827736532222
2025-06-21 23:00,2.7454218736258458
2025-06-22 00:00,4.066776737940618
2025-06-22 01:00,0.6164620105733936
2025-06-22 02:00,2.2736821421690783
2025-06-22 03:00,2.3461448248102927
2025-06-22 04:00,1.3737325538676677
2025-06-22 05:00,0.9400442413581618
2025-06-22 06:00,0.7199046808386904
2025-06-22 07:00,0.5835684891484374
2025-06-22 08:00,0.0
2025-06-22 09:00,0.9367834184374865
2025-06-22 10:00,0.0
2025-06-22 11:00,0.0
2025-06-22 12:00,0.14797301471981222
2025-06-22 13:00,0.645766546424319
2025-06-22 14:00,1.3585917299052834
2025-06-22 15:00,0.9172013291302319
2025-06-22 16:00,0.7873758355229656
2025-06-22 17:00,1.5392112963802327
2025-06-22 18:00,1.2280309310273383
2025-06-22 19:00,0.0
2025-06-22 20:00,0.25480652642543067
2025-06-22 21:00,0.0
2025-06-22 22:00,0.1704629169465357
2025-06-22 23:00,0.0
2025-06-23 00:00,0.0
2025-06-23 01:00,0.8701846211094186
2025-06-23 02:00,0.0
2025-06-23 03:00,0.0
2025-06-23 04:00,0.08243423890233359
2025-06-23 05:00,0.8670781422092899
2025-06-23 06:00,0.0
2025-06-23 07:00,0.34991680517739876
2025-06-23 08:00,0.1823188363859517
2025-06-23 09:00,0.41499146147738
2025-06-23 10:00,0.4099854228407577
2025-06-23 11:00,0.3197323153888312
2025-06-23 12:00,1.1915312796356572
2025-06-23 13:00,1.0306525038134722
2025-06-23 14:00,0.0
2025-06-23 15:00,0.7844545549239171
2025-06-23 16:00,2.68028512889056
2025-06-23 17:00,3.0460168726875243
2025-06-23 18:00,0.9637713865323222
2025-06-23 19:00,0.342165482470177
2025-06-23 20:00,0.40129374721766253
2025-06-23 21:00,16.177893534183095
2025-06-23 22:00,8.002697888629168
2025-06-23 23:00,2.611370813045122
2025-06-24 00:00,1.3363260389199056
2025-06-24 01:00,1.3899733064430273
2025-06-24 02:00,1.7607832893651865
2025-06-24 03:00,0.0
2025-06-24 04:00,0.0
2025-06-24 05:00,0.929157577473434
2025-06-24 06:00,0.0
2025-06-24 07:00,1.9279204533078749
2025-06-24 08:00,0.7398224783463517
2025-06-24 09:00,0.6478440146620232
2025-06-24 10:00,0.09567511267525008
2025-06-24 11:00,0.0
2025-06-24 12:00,0.0
2025-06-24 13:00,0.0
2025-06-24 14:00,0.0
2025-06-24 15:00,0.41039233588843194
2025-06-24 16:00,0.9727347132843676
2025-06-24 17:00,2.0606127615165697
2025-06-24 18:00,1.1272671971050967
2025-06-24 19:00,0.5643711863335084
2025-06-24 20:00,0.6731394245558602
2025-06-24 21:00,1.7072701663249217
2025-06-24 22:00,1.5056357178928041
2025-06-24 23:00,1.3413420681121286
2025-06-25 00:00,0.8513108098243736
2025-06-25 01:00,0.9617644739961806
2025-06-25 02:00,1.3213764037657256
2025-06-25 03:00,1.9565434105678485
2025-06-25 04:00,3.256545943121242
2025-06-25 05:00,3.73560100521014
2025-06-25 06:00,5.192328160198896
2025-06-25 07:00,9.582422805205026
2025-06-25 08:00,13.927343021790222
2025-06-25 09:00,8.095961185810195
2025-06-25 10:00,10.118495302004062
2025-06-25 11:00,12.886489144547493
2025-06-25 12:00,13.574177481703208
2025-06-25 13:00,12.8108326216531
2025-06-25 14:00,13.818445401074538
2025-06-25 15:00,14.183677503292582
2025-06-25 16:00,18.125101536050632
2025-06-25 17:00,24.158154907939284
2025-06-25 18:00,25.73425886304176
2025-06-25 19:00,24.820625719817833
2025-06-25 20:00,29.836099028483428
2025-06-25 21:00,21.029885995509535
2025-06-25 22:00,12.237831767029366
2025-06-25 23:00,17.66077023090866
2025-06-26 00:00,10.376605194626176
2025-06-26 01:00,6.881224050663755
2025-06-26 02:00,13.3202961471618
2025-06-26 03:00,9.161673661635097
2025-06-26 04:00,9.56510622797401
2025-06-26 05:00,7.920249054068697
2025-06-26 06:00,10.353970605905682
2025-06-26 07:00,13.235083574854407
2025-06-26 08:00,6.38706000176694
2025-06-26 09:00,3.363600221790683
2025-06-26 10:00,0.0
2025-06-26 11:00,0.0
2025-06-26 12:00,0.0
2025-06-26 13:00,0.3870405146770864
2025-06-26 14:00,0.36115728198881686
2025-06-26 15:00,0.0
2025-06-26 16:00,0.0
2025-06-26 17:00,0.0
2025-06-26 18:00,0.7265520532710673
2025-06-26 19:00,1.4557939218221034
2025-06-26 20:00,0.0
2025-06-26 21:00,0.35474237856254165
2025-06-26 22:00,1.9059548051394268
2025-06-26 23:00,1.399946758823077
2025-06-27 00:00,1.8303989646487453
2025-06-27 01:00,1.838252342803776
2025-06-27 02:00,0.6442814478066643
2025-06-27 03:00,1.151173083669649
2025-06-27 04:00,1.7478462764665066
2025-06-27 05:00,2.0123878777895507
2025-06-27 06:00,1.2389053875423022
2025-06-27 07:00,2.6148200114727005
2025-06-27 08:00,0.8860766106445845
2025-06-27 09:00,0.11841853138088576
2025-06-27 10:00,1.6716825456914282
2025-06-27 11:00,0.8592543809738042
2025-06-27 12:00,1.1078275401440438
2025-06-27 13:00,0.22959895803143487
2025-06-27 14:00,0.6493301877466171
2025-06-27 15:00,0.6423671379475208
2025-06-27 16:00,0.7914957440882822
2025-06-27 17:00,2.7108575371582813
2025-06-27 18:00,5.617753349104833
2025-06-27 19:00,7.1418391634447005
2025-06-27 20:00,5.152688178176429
2025-06-27 21:00,0.8138773186126886
2025-06-27 22:00,0.749539032272507
2025-06-27 23:00,2.5896920904036946
2025-06-28 00:00,10.21999983164487
2025-06-28 01:00,15.959617261814513
2025-06-28 02:00,13.643610094978488
2025-06-28 03:00,5.54509424236941
2025-06-28 04:00,5.4675022132603175
2025-06-28 05:00,4.95704509909406
2025-06-28 06:00,6.380647087581895
2025-06-28 07:00,4.876510776064692
2025-06-28 08:00,4.6449394600782234
2025-06-28 09:00,15.819864462088193
2025-06-28 10:00,13.873735094431224
2025-06-28 11:00,10.998817111208746
2025-06-28 12:00,12.177492331592257
2025-06-28 13:00,11.967639520346177
2025-06-28 14:00,13.68567102990458
2025-06-28 15:00,15.153224092258846
2025-06-28 16:00,12.632463210567959
2025-06-28 17:00,27.35638078094655
2025-06-28 18:00,27.221003018043746
2025-06-28 19:00,26.72163867635537
2025-06-28 20:00,18.780324668305838
2025-06-28 21:00,16.176690927541024
2025-06-28 22:00,14.895392432063021
2025-06-28 23:00,3.878730520250299
2025-06-29 00:00,10.849311695110105
2025-06-29 01:00,10.07937068027123
2025-06-29 02:00,8.1491150207081
2025-06-29 03:00,8.873923645435225
2025-06-29 04:00,2.659841994977569
2025-06-29 05:00,1.055269929044345
2025-06-29 06:00,2.1630201425287883
2025-06-29 07:00,2.577498273760012
2025-06-29 08:00,10.682820859988311
2025-06-29 09:00,7.441924150403638
2025-06-29 10:00,8.140115442678217
2025-06-29 11:00,8.964520890739847
2025-06-29 12:00,4.428270019249751
2025-06-29 13:00,2.5381682033458013
2025-06-29 14:00,11.399367643605572
2025-06-29 15:00,14.377048809689665
2025-06-29 16:00,16.882896248311088
2025-06-29 17:00,23.803748469627354
2025-06-29 18:00,20.731709676272782
2025-06-29 19:00,17.126686376862455
2025-06-29 20:00,7.112279854045194
2025-06-29 21:00,3.9274865899473936
2025-06-29 22:00,2.3633207574544652
2025-06-29 23:00,2.228327560465682
2025-06-30 00:00,2.804078576111719
2025-06-30 01:00,2.1486420791906364
2025-06-30 02:00,1.8941042727056274
2025-06-30 03:00,1.1548017789355995
2025-06-30 04:00,1.2644373451843232
2025-06-30 05:00,1.2350912883528478
2025-06-30 06:00,2.8091925921868666
2025-06-30 07:00,3.0854584454701914
2025-06-30 08:00,1.44255288285254
2025-06-30 09:00,2.465143138504585
2025-06-30 10:00,1.9626902965643547
2025-06-30 11:00,1.901319290651684
2025-06-30 12:00,3.9675382412964613
2025-06-30 13:00,9.092241216703675
2025-06-30 14:00,3.6585590277281863
2025-06-30 15:00,4.674082509724511
2025-06-30 16:00,17.218284078377494
2025-06-30 17:00,17.854014980013382
2025-06-30 18:00,12.81906426972316
2025-06-30 19:00,4.6362574970771036
2025-06-30 20:00,3.8275564787516876
2025-06-30 21:00,3.6403210439200566
2025-06-30 22:00,3.4838840049559625
2025-06-30 23:00,3.049345993892689
2025-07-01 00:00,3.020986142713412
2025-07-01 01:00,1.7122616887848376
2025-07-01 02:00,3.8018088263366288
2025-07-01 03:00,3.614190456243724
2025-07-01 04:00,7.198698195640803
2025-07-01 05:00,6.676343969153374
2025-07-01 06:00,2.9953492284601944
2025-07-01 07:00,5.352492531569776
2025-07-01 08:00,2.877352959878029
2025-07-01 09:00,2.208355845903892
2025-07-01 10:00,3.5690408375802507
2025-07-01 11:00,1.844541730990867
2025-07-01 12:00,3.763174721327034
2025-07-01 13:00,0.4652980031405425
2025-07-01 14:00,0.9402482677694235
2025-07-01 15:00,1.2959976185659823
2025-07-01 16:00,3.9136026778953465
2025-07-01 17:00,7.230256935301018
2025-07-01 18:00,4.657592706636577
2025-07-01 19:00,4.515917929001773
2025-07-01 20:00,1.6933742537337526
2025-07-01 21:00,3.455628923729186
2025-07-01 22:00,4.090331218915588
2025-07-01 23:00,3.214459654069492
2025-07-02 00:00,3.580426023748136
2025-07-02 01:00,4.880050221154407
2025-07-02 02:00,3.671118721552417
2025-07-02 03:00,3.788160532861128
2025-07-02 04:00,4.210251386622656
2025-07-02 05:00,4.327490058740909
2025-07-02 06:00,4.436467044755822
2025-07-02 07:00,6.199065751972537
2025-07-02 08:00,3.1125065207273472
2025-07-02 09:00,8.619858666605655
2025-07-02 10:00,5.042645398873373
2025-07-02 11:00,1.6595093811065211
2025-07-02 12:00,2.99337612805438
2025-07-02 13:00,6.3211603712884665
2025-07-02 14:00,6.311164804944109
2025-07-02 15:00,4.578062008037735
2025-07-02 16:00,4.535120830818138
2025-07-02 17:00,4.8456191309237955
2025-07-02 18:00,2.6451244553063247
2025-07-02 19:00,3.6401464865099484
2025-07-02 20:00,4.195234872189211
2025-07-02 21:00,1.3681402221094794
2025-07-02 22:00,2.014481768526813
2025-07-02 23:00,3.078876741875309
2025-07-03 00:00,2.2090453941361883
2025-07-03 01:00,2.5668862757494746
2025-07-03 02:00,4.940015993083232
2025-07-03 03:00,2.331569972389995
2025-07-03 04:00,11.56048197822813
2025-07-03 05:00,9.410784688649542
2025-07-03 06:00,10.04748895501513
2025-07-03 07:00,2.765256259458804
2025-07-03 08:00,8.311216162196905
2025-07-03 09:00,3.4602054833890086
2025-07-03 10:00,7.575963029027676
2025-07-03 11:00,6.233994720543535
2025-07-03 12:00,8.529121391533291
2025-07-03 13:00,8.284930060458619
2025-07-03 14:00,8.754061900459044
2025-07-03 15:00,8.92331330770624
2025-07-03 16:00,11.340035423287858
2025-07-03 17:00,16.124281708932184
2025-07-03 18:00,18.17067404058463
2025-07-03 19:00,17.517139455655798
2025-07-03 20:00,9.67953597471732
2025-07-03 21:00,13.30878546566975
2025-07-03 22:00,10.2794980910796
2025-07-03 23:00,5.840061198561524
2025-07-04 00:00,7.585004872019577
2025-07-04 01:00,18.79844006401663
2025-07-04 02:00,22.03056798342053
2025-07-04 03:00,24.97000353909456
2025-07-04 04:00,24.554140218156633
2025-07-04 05:00,26.069255718689874
2025-07-04 06:00,19.644992794443723
2025-07-04 07:00,26.46582845993388
2025-07-04 08:00,35.70936297786342
2025-07-04 09:00,29.049108838059002
2025-07-04 10:00,20.99058780871644
2025-07-04 11:00,18.211427169182606
2025-07-04 12:00,23.764877412465246
2025-07-04 13:00,23.12081678691799
2025-07-04 14:00,14.03855274979535
2025-07-04 15:00,17.333967025321947
2025-07-04 16:00,21.73599283683874
2025-07-04 17:00,23.51398018485921
2025-07-04 18:00,28.42935777184726
2025-07-04 19:00,24.69571076294524
2025-07-04 20:00,30.930093419750207
2025-07-04 21:00,22.352491829868562
2025-07-04 22:00,21.832129436140296
2025-07-04 23:00,18.78892113075119
2025-07-05 00:00,17.65713090056552
2025-07-05 01:00,18.47220678292153
2025-07-05 02:00,16.712718824277022
2025-07-05 03:00,17.77737115098315
2025-07-05 04:00,7.168391611965669
2025-07-05 05:00,6.601037177417024
2025-07-05 06:00,12.249003969234039
2025-07-05 07:00,21.029791032726738
2025-07-05 08:00,31.04953718055074
2025-07-05 09:00,23.605569707071396
2025-07-05 10:00,19.559092481404114
2025-07-05 11:00,13.695182687675555
2025-07-05 12:00,11.834066247298901
2025-07-05 13:00,14.895085541781157
2025-07-05 14:00,11.574789998271573
2025-07-05 15:00,14.704869703460616
2025-07-05 16:00,12.943561893460455
2025-07-05 17:00,14.215508786914297
2025-07-05 18:00,21.261188505901806
2025-07-05 19:00,22.002886784510256
2025-07-05 20:00,21.693457067346753
2025-07-05 21:00,14.664428905645774
2025-07-05 22:00,15.861256872202837
2025-07-05 23:00,12.005313763805209
2025-07-06 00:00,5.875107888974503
2025-07-06 01:00,12.968018591564086
2025-07-06 02:00,17.84742703631931
2025-07-06 03:00,17.924838911072737
2025-07-06 04:00,6.98080918534755
2025-07-06 05:00,5.411943237425146
2025-07-06 06:00,7.252750954484063
2025-07-06 07:00,11.886103252521321
2025-07-06 08:00,15.283329321541439
2025-07-06 09:00,9.314787057160219
2025-07-06 10:00,2.707909005055989
2025-07-06 11:00,1.0293867405493085
2025-07-06 12:00,1.5532737453500356
2025-07-06 13:00,3.05689346110142
2025-07-06 14:00,7.087800255244295
2025-07-06 15:00,6.933234063166265
2025-07-06 16:00,4.221691502448744
2025-07-06 17:00,5.077710245927896
2025-07-06 18:00,6.237151735825668
2025-07-06 19:00,16.68398915783762
2025-07-06 20:00,12.170112274629991
2025-07-06 21:00,7.951837482247173
2025-07-06 22:00,7.080117463594279
2025-07-06 23:00,6.593781362856485
2025-07-07 00:00,10.527278581209792
2025-07-07 01:00,7.466625834841456
2025-07-07 02:00,7.17239890956179
2025-07-07 03:00,6.120057485018957
2025-07-07 04:00,2.4352520555255737
2025-07-07 05:00,2.2959243303466854
2025-07-07 06:00,1.6906389657728556
2025-07-07 07:00,3.0924024989582133
2025-07-07 08:00,1.0023273730386213
2025-07-07 09:00,0.4349772151390489
2025-07-07 10:00,0.029611121088987002
2025-07-07 11:00,0.0
2025-07-07 12:00,0.14656295157572546
2025-07-07 13:00,0.0
2025-07-07 14:00,0.19579395702820238
2025-07-07 15:00,2.5627627526936645
2025-07-07 16:00,5.4010272302270685
2025-07-07 17:00,3.8746958158672733
2025-07-07 18:00,2.521913699074831
2025-07-07 19:00,0.18882152065922875
2025-07-07 20:00,0.0
2025-07-07 21:00,1.3709691644610564
2025-07-07 22:00,1.6039723052007915
2025-07-07 23:00,1.5008904285586402
2025-07-08 00:00,2.794313782397934
2025-07-08 01:00,2.2105272032336143
2025-07-08 02:00,1.7915409182689306
2025-07-08 03:00,2.0824963783828587
2025-07-08 04:00,2.8803196261796886
2025-07-08 05:00,3.0481417960884567
2025-07-08 06:00,2.68353984172545
2025-07-08 07:00,3.747519469782877
2025-07-08 08:00,1.7747810997077096
2025-07-08 09:00,1.0225788077952291
2025-07-08 10:00,0.37986772078067926
2025-07-08 11:00,0.10629553520475835
2025-07-08 12:00,0.054030065215172896
2025-07-08 13:00,0.0692429791947216
2025-07-08 14:00,1.1678635617077162
2025-07-08 15:00,4.447317625155935
2025-07-08 16:00,3.398812547207081
2025-07-08 17:00,4.185939144519043
2025-07-08 18:00,3.1528748798486053
2025-07-08 19:00,2.6054178316456906
2025-07-08 20:00,2.6316652417409303
2025-07-08 21:00,11.77034812201712
2025-07-08 22:00,4.372225174620798
2025-07-08 23:00,6.00914087809839
2025-07-09 00:00,6.533076296588589
2025-07-09 01:00,7.567156425580469
2025-07-09 02:00,6.471823187139159
2025-07-09 03:00,4.659657871834386
2025-07-09 04:00,3.402468813096096
2025-07-09 05:00,3.0778852974557673
2025-07-09 06:00,3.595686427035076
2025-07-09 07:00,2.77404725623059
2025-07-09 08:00,4.517055430031843
2025-07-09 09:00,0.3281710813234323
2025-07-09 10:00,0.0
2025-07-09 11:00,0.22454556111928514
2025-07-09 12:00,0.7092673032432149
2025-07-09 13:00,0.7246265045150707
2025-07-09 14:00,1.8654065455724165
2025-07-09 15:00,0.7497057103163446
2025-07-09 16:00,2.775342965490878
2025-07-09 17:00,2.3120468563162446
2025-07-09 18:00,3.4496372663470924
2025-07-09 19:00,1.7475124307736127
2025-07-09 20:00,2.3203642801259035
2025-07-09 21:00,4.496261390096165
2025-07-09 22:00,4.4465157278232255
2025-07-09 23:00,10.31919684376608
2025-07-10 00:00,3.853650480598029
2025-07-10 01:00,4.776367712841056
2025-07-10 02:00,1.8175861465795062
2025-07-10 03:00,1.736878984959237
2025-07-10 04:00,0.4990181285627385
2025-07-10 05:00,2.2345765126632156
2025-07-10 06:00,2.762199059636761
2025-07-10 07:00,4.339704465809594
2025-07-10 08:00,3.33645221738311
2025-07-10 09:00,2.163912552777415
2025-07-10 10:00,3.921330223241621
2025-07-10 11:00,1.5776868908066068
2025-07-10 12:00,1.4837758926869047
2025-07-10 13:00,3.265935795897836
2025-07-10 14:00,5.065719693220133
2025-07-10 15:00,11.071801043324065
2025-07-10 16:00,8.701928075830669
2025-07-10 17:00,10.2839158456766
2025-07-10 18:00,9.588896555357655
2025-07-10 19:00,7.768609905136039
2025-07-10 20:00,5.343651611516888
2025-07-10 21:00,8.310057926813837
2025-07-10 22:00,6.422256413056766
2025-07-10 23:00,5.64333498248785
2025-07-11 00:00,4.7735719058601696
2025-07-11 01:00,4.149241130964157
2025-07-11 02:00,7.1938187310209605
2025-07-11 03:00,6.213404342705799
2025-07-11 04:00,6.363995585517123
2025-07-11 05:00,5.304234209629413
2025-07-11 06:00,4.032829015840722
2025-07-11 07:00,4.748852436327082
2025-07-11 08:00,10.823432854194783
2025-07-11 09:00,5.089888306335539
2025-07-11 10:00,2.664678051873393
2025-07-11 11:00,1.524010669818276
2025-07-11 12:00,1.2392187225931535
2025-07-11 13:00,0.6107598881714945
2025-07-11 14:00,0.7528427481602908
2025-07-11 15:00,0.8740788754160865
2025-07-11 16:00,2.813239058598903
2025-07-11 17:00,6.1611067961241215
2025-07-11 18:00,10.576365552715325
2025-07-11 19:00,14.392841462696971
2025-07-11 20:00,12.935171735511807
2025-07-11 21:00,11.171910683649127
2025-07-11 22:00,9.338766313251128
2025-07-11 23:00,3.8754497841326865
2025-07-12 00:00,5.418480765852881
2025-07-12 01:00,5.020978405135727
2025-07-12 02:00,1.8474654012279115
2025-07-12 03:00,2.575463073911399
2025-07-12 04:00,3.4611296782757357
2025-07-12 05:00,2.759502201428884
2025-07-12 06:00,2.210146769040739
2025-07-12 07:00,6.151663460773789
2025-07-12 08:00,1.5459914702952278
2025-07-12 09:00,0.097302279200852
2025-07-12 10:00,0.0
2025-07-12 11:00,0.0
2025-07-12 12:00,0.0
2025-07-12 13:00,0.0
2025-07-12 14:00,0.0
2025-07-12 15:00,0.21556613255167073
2025-07-12 16:00,8.18144051636293
2025-07-12 17:00,3.6946891847207324
2025-07-12 18:00,2.5041499829424025
2025-07-12 19:00,2.921491004260147
2025-07-12 20:00,3.660362583390456
2025-07-12 21:00,4.746383300358743
2025-07-12 22:00,0.07598085703381086
2025-07-12 23:00,1.3676401340866664
2025-07-13 00:00,4.195488462648676
2025-07-13 01:00,4.714469711804741
2025-07-13 02:00,2.638425474307865
2025-07-13 03:00,4.051945471647823
2025-07-13 04:00,1.7223515933789968
2025-07-13 05:00,2.459171726519059
2025-07-13 06:00,1.2370776006955095
2025-07-13 07:00,2.791853441929868
2025-07-13 08:00,2.2836299661193538
2025-07-13 09:00,0.6675311664610717
2025-07-13 10:00,0.7804202749757212
2025-07-13 11:00,1.1171916451714694
2025-07-13 12:00,0.18248138345200793
2025-07-13 13:00,0.0
2025-07-13 14:00,1.1920864385226722
2025-07-13 15:00,0.0
2025-07-13 16:00,0.0
2025-07-13 17:00,1.857785311911395
2025-07-13 18:00,2.0817974933564978
2025-07-13 19:00,2.1786773287699868
2025-07-13 20:00,2.0295403020225415
2025-07-13 21:00,3.9743551645528257
2025-07-13 22:00,4.1518588857225875
2025-07-13 23:00,12.214951927311027
2025-07-14 00:00,7.922310596630217
2025-07-14 01:00,5.6350130255025315
2025-07-14 02:00,7.771767246851332
2025-07-14 03:00,7.860112115511154
2025-07-14 04:00,4.652022053712664
2025-07-14 05:00,6.118606449797294
2025-07-14 06:00,8.34980611898957
2025-07-14 07:00,6.087826215367306
2025-07-14 08:00,2.7231606403957795
2025-07-14 09:00,2.9550976938512976
2025-07-14 10:00,2.631769989584109
2025-07-14 11:00,6.25832501520721
2025-07-14 12:00,5.866183742721899
2025-07-14 13:00,6.976986296297641
2025-07-14 14:00,8.374045668598505
2025-07-14 15:00,9.673955442034604
2025-07-14 16:00,10.446209530598871
2025-07-14 17:00,10.357066414859622
2025-07-14 18:00,10.266293122619178
2025-07-14 19:00,8.05821091336517
2025-07-14 20:00,5.250701792729519
2025-07-14 21:00,6.367301295043388
2025-07-14 22:00,25.7994858424183
2025-07-14 23:00,8.65318145622041
2025-07-15 00:00,7.932425880258702
2025-07-15 01:00,10.95888390628211
2025-07-15 02:00,22.048840212336785
2025-07-15 03:00,23.40977904499328
2025-07-15 04:00,15.322129641732165
2025-07-15 05:00,9.93742282695872
2025-07-15 06:00,16.48224379427112
2025-07-15 07:00,20.36330557434077
2025-07-15 08:00,23.127571639324355
2025-07-15 09:00,18.45485643128229
2025-07-15 10:00,15.410485862362902
2025-07-15 11:00,11.297545153203615
2025-07-15 12:00,19.61067563983521
2025-07-15 13:00,10.71061453461833
2025-07-15 14:00,10.840172536771576
2025-07-15 15:00,9.406104705462953
2025-07-15 16:00,15.66184252254223
2025-07-15 17:00,7.302265591337775
2025-07-15 18:00,11.071294495216055
2025-07-15 19:00,7.339695919981027
2025-07-15 20:00,14.740107938794516
2025-07-15 21:00,26.78098004818113
2025-07-15 22:00,23.994762176090994
2025-07-15 23:00,33.000724235029885
2025-07-16 00:00,16.76077512745214
2025-07-16 01:00,27.5210396554798
2025-07-16 02:00,24.834636861123972
2025-07-16 03:00,24.953659408267978
2025-07-16 04:00,24.1172646906825
2025-07-16 05:00,24.630709631077973
2025-07-16 06:00,29.39599755734192
2025-07-16 07:00,27.328708266815752
2025-07-16 08:00,29.47945826798076
2025-07-16 09:00,34.306467377480416
2025-07-16 10:00,30.892150161718206
2025-07-16 11:00,26.60517172087293
2025-07-16 12:00,21.353908058289466
2025-07-16 13:00,33.09424708221432
2025-07-16 14:00,39.640787897856235
2025-07-16 15:00,33.701850944663875
2025-07-16 16:00,45.676717460296416
2025-07-16 17:00,40.312171787429904
2025-07-16 18:00,43.43536878802103
2025-07-16 19:00,33.62424308978238
2025-07-16 20:00,37.71392479345274
2025-07-16 21:00,43.82325614759483
2025-07-16 22:00,42.02075881508829
2025-07-16 23:00,41.90092854149964
2025-07-17 00:00,50.09757106529475
2025-07-17 01:00,49.13374690193942
2025-07-17 02:00,48.07830695976568
2025-07-17 03:00,45.63662637977766
2025-07-17 04:00,44.013988803794824
2025-07-17 05:00,44.90199487710272
2025-07-17 06:00,43.77910464616068
2025-07-17 07:00,47.3834350082935
2025-07-17 08:00,43.297763758106846
2025-07-17 09:00,37.0664966421447
2025-07-17 10:00,33.83992382300948
2025-07-17 11:00,24.838092153685015
2025-07-17 12:00,22.201337668125284
2025-07-17 13:00,24.20285581705882
2025-07-17 14:00,24.16685895471472
2025-07-17 15:00,15.90300323041885
2025-07-17 16:00,30.126134427910692
2025-07-17 17:00,40.838182904453994
2025-07-17 18:00,30.345190557728667
2025-07-17 19:00,35.53540758685
2025-07-17 20:00,40.065780482014624
2025-07-17 21:00,43.91739456309893
2025-07-17 22:00,41.90689919884353
2025-07-17 23:00,44.43873392117329
2025-07-18 00:00,40.60600645389384
2025-07-18 01:00,41.85297061459827
2025-07-18 02:00,45.13930950619806
2025-07-18 03:00,38.73790788046088
2025-07-18 04:00,48.14486735436978
2025-07-18 05:00,44.60181481409255
2025-07-18 06:00,41.865219836988445
2025-07-18 07:00,36.74585229177617
2025-07-18 08:00,43.63740233827026
2025-07-18 09:00,24.098694268382282
2025-07-18 10:00,20.262750297996206
2025-07-18 11:00,23.202094206517742
2025-07-18 12:00,10.332843068552771
2025-07-18 13:00,8.199850319892244
2025-07-18 14:00,10.639130128804515
2025-07-18 15:00,11.787192420139295
2025-07-18 16:00,8.06805651629419
2025-07-18 17:00,5.215295878380278
2025-07-18 18:00,13.664051521524968
2025-07-18 19:00,5.991955560939473
2025-07-18 20:00,6.084133915474906
2025-07-18 21:00,12.172094095066615
2025-07-18 22:00,12.122594087368876
2025-07-18 23:00,4.800708160904452
2025-07-19 00:00,35.64328413500737
2025-07-19 01:00,36.74344492044522
2025-07-19 02:00,27.75227645601752
2025-07-19 03:00,34.723290302034144
2025-07-19 04:00,33.28021924599239
2025-07-19 05:00,33.543147393020334
2025-07-19 06:00,35.7127163210857
2025-07-19 07:00,26.71908394508063
2025-07-19 08:00,40.84920476601291
2025-07-19 09:00,31.92500480902721
2025-07-19 10:00,19.407424530617025
2025-07-19 11:00,24.85734489638029
2025-07-19 12:00,34.538121233551436
2025-07-19 13:00,45.10875430093713
2025-07-19 14:00,37.64035869624603
2025-07-19 15:00,26.927336909708632
2025-07-19 16:00,31.431451346071107
2025-07-19 17:00,38.13490780885335
2025-07-19 18:00,41.456162447230774
2025-07-19 19:00,38.490712909207474
2025-07-19 20:00,37.219680675733365
2025-07-19 21:00,28.080797392369938
2025-07-19 22:00,22.592275127440285
2025-07-19 23:00,15.268311099961865
2025-07-20 00:00,28.57220177098214
2025-07-20 01:00,22.506252690195247
2025-07-20 02:00,11.84561114028819
2025-07-20 03:00,25.65811649283454
2025-07-20 04:00,20.501558318726193
2025-07-20 05:00,18.788135404928163
2025-07-20 06:00,21.511706873006194
2025-07-20 07:00,22.67890325311777
2025-07-20 08:00,23.18183046773491
2025-07-20 09:00,19.529069011932894
2025-07-20 10:00,18.248820288057093
2025-07-20 11:00,14.61295262828421
2025-07-20 12:00,15.6330784670307
2025-07-20 13:00,13.889178039466204
2025-07-20 14:00,14.210698583286396
2025-07-20 15:00,12.828210272872187
2025-07-20 16:00,12.424545508134095
2025-07-20 17:00,20.187329841693234
2025-07-20 18:00,21.593510507965885
2025-07-20 19:00,20.693475235804396
2025-07-20 20:00,22.25580334911249
2025-07-20 21:00,13.153265091570077
2025-07-20 22:00,15.858723328970845
2025-07-20 23:00,27.070988333246607
2025-07-21 00:00,14.385725300629248
2025-07-21 01:00,29.008237670083066
2025-07-21 02:00,22.303665847661843
2025-07-21 03:00,20.687936173019104
2025-07-21 04:00,13.436304535781161
2025-07-21 05:00,15.66422204225778
2025-07-21 06:00,12.877574078506932
2025-07-21 07:00,12.925454766653441
2025-07-21 08:00,16.085994321909588
2025-07-21 09:00,14.072445196649724
2025-07-21 10:00,12.95191797199257
2025-07-21 11:00,14.733803496808545
2025-07-21 12:00,6.903181396160532
2025-07-21 13:00,1.6029678201691637
2025-07-21 14:00,6.221543849510316
2025-07-21 15:00,4.535864977443193
2025-07-21 16:00,4.909781607226767
2025-07-21 17:00,2.814983616938413
2025-07-21 18:00,3.6089004493275407
2025-07-21 19:00,4.156378928394375
2025-07-21 20:00,9.513148122505585
2025-07-21 21:00,4.993080862107884
2025-07-21 22:00,7.539008500825817
2025-07-21 23:00,7.588479704132891
2025-07-22 00:00,4.846138183239265
2025-07-22 01:00,8.402404731567021
2025-07-22 02:00,4.43440337995237
2025-07-22 03:00,4.048704663374455
2025-07-22 04:00,3.0388905516352933
2025-07-22 05:00,3.7667049666484433
2025-07-22 06:00,3.016353623784371
2025-07-22 07:00,5.364146030560631
2025-07-22 08:00,3.0393790916739194
2025-07-22 09:00,0.21743750597536454
2025-07-22 10:00,0.5717088240042787
2025-07-22 11:00,2.096760367933751
2025-07-22 12:00,0.20425420191870658
2025-07-22 13:00,0.0
2025-07-22 14:00,1.9994692556403648
2025-07-22 15:00,1.8547264747813803
2025-07-22 16:00,0.47582936896976696
2025-07-22 17:00,1.1286224461846135
2025-07-22 18:00,1.2198606294083834
2025-07-22 19:00,0.928378939192241
2025-07-22 20:00,0.30444114061945937
2025-07-22 21:00,0.46730245328236875
2025-07-22 22:00,0.8209188363187074
2025-07-22 23:00,0.6543934589500273
2025-07-23 00:00,1.7570212812837163
2025-07-23 01:00,1.5431135243126013
2025-07-23 02:00,0.842043103811775
2025-07-23 03:00,1.5317984570233543
2025-07-23 04:00,1.5073071545384098
2025-07-23 05:00,0.446415031943057
2025-07-23 06:00,1.190203887917878
2025-07-23 07:00,1.9766196122425304
2025-07-23 08:00,0.7946251599641799
2025-07-23 09:00,0.0
2025-07-23 10:00,0.0
2025-07-23 11:00,0.0
2025-07-23 12:00,0.0
2025-07-23 13:00,0.3350659986803768
2025-07-23 14:00,2.7055177682600795
2025-07-23 15:00,3.5056080288873965
2025-07-23 16:00,8.073837478892152
2025-07-23 17:00,2.8163213743435964
2025-07-23 18:00,0.8286546310372812
2025-07-23 19:00,0.5970579403130779
2025-07-23 20:00,1.1628112848648477
2025-07-23 21:00,1.7332150776988053
2025-07-23 22:00,1.7315528454568772
2025-07-23 23:00,1.1404731910464734
2025-07-24 00:00,2.188985728285958
2025-07-24 01:00,3.047435417557162
2025-07-24 02:00,1.775921566825278
2025-07-24 03:00,0.8888047422208665
2025-07-24 04:00,2.3985071727295226
2025-07-24 05:00,2.446891140518315
2025-07-24 06:00,1.7451778242819336
2025-07-24 07:00,4.582745528583367
2025-07-24 08:00,1.4168242661482278
2025-07-24 09:00,0.13727848527179634
2025-07-24 10:00,0.08063942269396608
2025-07-24 11:00,0.0
2025-07-24 12:00,0.22163370849929773
2025-07-24 13:00,0.0
2025-07-24 14:00,0.8851757931571316
2025-07-24 15:00,8.802797062722775
2025-07-24 16:00,3.9116290643802625
2025-07-24 17:00,2.9772835285947217
2025-07-24 18:00,2.087308031392899
2025-07-24 19:00,1.403261259050008
2025-07-24 20:00,0.2572551206276963
2025-07-24 21:00,1.3393895852966855
2025-07-24 22:00,1.23090869234297
2025-07-24 23:00,2.6228126695366694
2025-07-25 00:00,3.221519536686287
2025-07-25 01:00,5.244248012781801
2025-07-25 02:00,4.195064845305749
2025-07-25 03:00,2.504231055723243
2025-07-25 04:00,3.1858534608565705
2025-07-25 05:00,5.443224192023038
2025-07-25 06:00,3.959576880534033
2025-07-25 07:00,2.894229536690358
2025-07-25 08:00,2.8369993032605794
2025-07-25 09:00,0.5617042815675581
2025-07-25 10:00,0.0
2025-07-25 11:00,0.39935942540266
2025-07-25 12:00,0.1253653095041274
2025-07-25 13:00,0.03871830104631062
2025-07-25 14:00,0.0
2025-07-25 15:00,0.0
2025-07-25 16:00,4.901299305184493
2025-07-25 17:00,4.6057995517259815
2025-07-25 18:00,0.0
2025-07-25 19:00,0.9825626382372162
2025-07-25 20:00,0.2280600204587856
2025-07-25 21:00,2.9390719848119717
2025-07-25 22:00,3.818317097619698
2025-07-25 23:00,3.9561499645327536
2025-07-26 00:00,4.144356385721646
2025-07-26 01:00,6.174241864004534
2025-07-26 02:00,4.009944372458288
2025-07-26 03:00,5.868776492121272
2025-07-26 04:00,3.238732114105039
2025-07-26 05:00,4.2084869734213335
2025-07-26 06:00,3.182763046484267
2025-07-26 07:00,5.8590113676119175
2025-07-26 08:00,4.107964494099136
2025-07-26 09:00,4.8796578502867485
2025-07-26 10:00,4.353177796532646
2025-07-26 11:00,4.985825209735145
2025-07-26 12:00,4.573828044331168
2025-07-26 13:00,3.9964676972934328
2025-07-26 14:00,6.588045990435793
2025-07-26 15:00,2.54037231368738
2025-07-26 16:00,9.517131553980548
2025-07-26 17:00,13.3324895651805
2025-07-26 18:00,7.827169553022162
2025-07-26 19:00,9.140549335041653
2025-07-26 20:00,11.042354871338603
2025-07-26 21:00,17.865948284923064
2025-07-26 22:00,13.898921773853482
2025-07-26 23:00,4.716585869590015
2025-07-27 00:00,6.895662688039307
2025-07-27 01:00,7.725288407371149
2025-07-27 02:00,6.871531706180272
2025-07-27 03:00,4.96064341095747
2025-07-27 04:00,7.276365273186881
2025-07-27 05:00,4.796433855663515
2025-07-27 06:00,4.01945888493896
2025-07-27 07:00,3.618806257765422
2025-07-27 08:00,4.739748656607714
2025-07-27 09:00,3.2649824809951964
2025-07-27 10:00,1.6252401268962824
2025-07-27 11:00,0.6785332283851603
2025-07-27 12:00,0.2487004336567578
2025-07-27 13:00,1.2222310761462503
2025-07-27 14:00,1.4090290608908502
2025-07-27 15:00,0.020050051360370535
2025-07-27 16:00,0.4660672052363065
2025-07-27 17:00,5.460468337301551
2025-07-27 18:00,2.210268890062672
2025-07-27 19:00,2.367028556588718
2025-07-27 20:00,0.5799262319255146
2025-07-27 21:00,2.2239262578736905
2025-07-27 22:00,1.4516501424089692
2025-07-27 23:00,2.616562517864012
2025-07-28 00:00,6.286755293685663
2025-07-28 01:00,3.686872053632936
2025-07-28 02:00,2.596998271762309
2025-07-28 03:00,4.146267340340179
2025-07-28 04:00,2.90919803215305
2025-07-28 05:00,2.394772617166502
2025-07-28 06:00,2.176283923227243
2025-07-28 07:00,2.7097461801821456
2025-07-28 08:00,2.6469152144198462
2025-07-28 09:00,0.24484643751724045
2025-07-28 10:00,0.0
2025-07-28 11:00,0.0
2025-07-28 12:00,1.3506161400102765
2025-07-28 13:00,1.8109370910037121
2025-07-28 14:00,3.956708272888627
2025-07-28 15:00,3.809677154661029
2025-07-28 16:00,4.0607551448454995
2025-07-28 17:00,2.0004831133489325
2025-07-28 18:00,2.0587156828241686
2025-07-28 19:00,1.5207098922463458
2025-07-28 20:00,0.29592307791002215
2025-07-28 21:00,0.20923483480325833
2025-07-28 22:00,3.7919834822748792
2025-07-28 23:00,1.3788788602076891
2025-07-29 00:00,2.966228313305545
2025-07-29 01:00,2.7655214369205297
2025-07-29 02:00,2.626764306493843
2025-07-29 03:00,2.914411273319776
2025-07-29 04:00,5.1032997302053635
2025-07-29 05:00,5.8827028315315015
2025-07-29 06:00,2.960817045215967
2025-07-29 07:00,3.820286363679704
2025-07-29 08:00,1.101575230336134
2025-07-29 09:00,2.463011324584612
2025-07-29 10:00,2.5630396369093704
2025-07-29 11:00,0.9610350112238357
2025-07-29 12:00,0.4201454317944001
2025-07-29 13:00,0.0
2025-07-29 14:00,0.0
2025-07-29 15:00,3.805725333889263
2025-07-29 16:00,3.2137201958635297
2025-07-29 17:00,4.261143838635638
2025-07-29 18:00,3.6664388211859373
2025-07-29 19:00,2.06557141674378
2025-07-29 20:00,1.0900886982338605
2025-07-29 21:00,0.7502513295444346
2025-07-29 22:00,1.3499952662857966
2025-07-29 23:00,2.048075093325641
2025-07-30 00:00,0.9817294854501093
2025-07-30 01:00,3.0916312466332325
2025-07-30 02:00,3.067001562396546
2025-07-30 03:00,2.276392435285505
2025-07-30 04:00,3.5000379733442712
2025-07-30 05:00,4.601223533593676
2025-07-30 06:00,3.0079888276954136
2025-07-30 07:00,1.7709909023666035
2025-07-30 08:00,2.3354819698308487
2025-07-30 09:00,1.8204750992944987
2025-07-30 10:00,2.067406664579293
2025-07-30 11:00,1.1380402499091835
2025-07-30 12:00,2.6407043054227772
2025-07-30 13:00,4.107265597215601
2025-07-30 14:00,3.487226502807758
2025-07-30 15:00,4.699723936031854
2025-07-30 16:00,6.822337064796947
2025-07-30 17:00,4.570356375331753
2025-07-30 18:00,6.322597711971966
2025-07-30 19:00,8.522730153575662
2025-07-30 20:00,25.187420204980423
2025-07-30 21:00,14.044005028426026
2025-07-30 22:00,13.815345479029123
2025-07-30 23:00,9.34844238350683
2025-07-31 00:00,18.621560052088086
2025-07-31 01:00,15.909224438176615
2025-07-31 02:00,15.508122858303883
2025-07-31 03:00,6.012194122759069
2025-07-31 04:00,5.218913437311603
2025-07-31 05:00,5.767486157670622
2025-07-31 06:00,2.3576085824821265
2025-07-31 07:00,2.6234168677858953
2025-07-31 08:00,2.4399763218736057
2025-07-31 09:00,0.4218525447885429
2025-07-31 10:00,0.0
2025-07-31 11:00,1.6682458684897499
2025-07-31 12:00,2.183652888611515
2025-07-31 13:00,1.3355233506579742
2025-07-31 14:00,1.1836583646207688
2025-07-31 15:00,1.6154805165945505
2025-07-31 16:00,2.2022203967546976
2025-07-31 17:00,1.7535597702746442
2025-07-31 18:00,2.8056143800930524
2025-07-31 19:00,2.5212950807882226
2025-07-31 20:00,1.636527161707051
2025-07-31 21:00,1.4600357467837626
2025-07-31 22:00,3.374770939376619
2025-07-31 23:00,3.523730399134725
2025-08-01 00:00,2.538438124054249
2025-08-01 01:00,4.008229654458933
2025-08-01 02:00,2.098213860485553
2025-08-01 03:00,0.4323943203000704
2025-08-01 04:00,0.0
2025-08-01 05:00,0.4603519221954202
2025-08-01 06:00,0.4452957393679098
2025-08-01 07:00,1.824107560797819
2025-08-01 08:00,0.6677259356703595
2025-08-01 09:00,2.2246407221034064
2025-08-01 10:00,0.9279028913638696
2025-08-01 11:00,1.0204489413537317
2025-08-01 12:00,1.6566135588506916
2025-08-01 13:00,0.05746803628657615
2025-08-01 14:00,0.8244985405133713
2025-08-01 15:00,1.2707893152807117
2025-08-01 16:00,3.4368439674323423
2025-08-01 17:00,7.153606786240234
2025-08-01 18:00,4.093698673899286
2025-08-01 19:00,1.366069549106595
2025-08-01 20:00,1.0115486292126343
2025-08-01 21:00,1.865014685081419
2025-08-01 22:00,0.6661851687477087
2025-08-01 23:00,1.0656320138979338
2025-08-02 00:00,3.5750162104649386
2025-08-02 01:00,4.445724392072043
2025-08-02 02:00,2.3650030519741305
2025-08-02 03:00,1.1329610736482065
2025-08-02 04:00,3.7149494981975915
2025-08-02 05:00,1.4145818517349134
2025-08-02 06:00,1.6552897314051194
2025-08-02 07:00,2.365381388322332
2025-08-02 08:00,3.402570613717973
2025-08-02 09:00,0.9843234991896177
2025-08-02 10:00,0.48165867775517524
2025-08-02 11:00,0.0
2025-08-02 12:00,0.04938543639834081
2025-08-02 13:00,0.4589783961270658
2025-08-02 14:00,0.699805501177587
2025-08-02 15:00,3.3912805558291743
2025-08-02 16:00,1.8221820649249483
2025-08-02 17:00,4.61981840813222
2025-08-02 18:00,3.9338472375514484
2025-08-02 19:00,1.825312787113345
2025-08-02 20:00,0.7467457416527563
2025-08-02 21:00,1.2979221474587845
2025-08-02 22:00,0.0
2025-08-02 23:00,0.1658828906171803
2025-08-03 00:00,2.6358497434045054
2025-08-03 01:00,1.903365542768829
2025-08-03 02:00,2.0079683997082958
2025-08-03 03:00,1.383732318121715
2025-08-03 04:00,2.6383432128670092
2025-08-03 05:00,2.6169313484115326
2025-08-03 06:00,3.5986023002695435
2025-08-03 07:00,2.389673833617283
2025-08-03 08:00,0.15029616230533627
2025-08-03 09:00,1.095044689667827
2025-08-03 10:00,1.586536405232481
2025-08-03 11:00,2.1728200543156393
2025-08-03 12:00,0.21057011362887246
2025-08-03 13:00,1.5323756566635034
2025-08-03 14:00,3.4776515137578103
2025-08-03 15:00,2.187692526230702
2025-08-03 16:00,3.8383387184410562
2025-08-03 17:00,4.36150648086794
2025-08-03 18:00,1.4815352357711167
2025-08-03 19:00,2.3540907011783636
2025-08-03 20:00,1.2507587527979394
2025-08-03 21:00,4.088087453800245
2025-08-03 22:00,10.542010105324874
2025-08-03 23:00,5.315372876553143
2025-08-04 00:00,45.689963894995245
2025-08-04 01:00,45.95726335402674
2025-08-04 02:00,43.14519493667876
2025-08-04 03:00,31.24314524149778
2025-08-04 04:00,32.87569587801239
2025-08-04 05:00,27.83429296596139
2025-08-04 06:00,38.79725767206195
2025-08-04 07:00,32.55320374491301
2025-08-04 08:00,33.820615955666995
2025-08-04 09:00,25.782796928548223
2025-08-04 10:00,24.325273376778178
2025-08-04 11:00,18.90478300086189
2025-08-04 12:00,21.977377992472917
2025-08-04 13:00,18.574719501961557
2025-08-04 14:00,25.61047797195904
2025-08-04 15:00,27.330717398439376
2025-08-04 16:00,28.22068201414187
2025-08-04 17:00,32.48365489722585
2025-08-04 18:00,24.234860198623615
2025-08-04 19:00,32.031621852439855
2025-08-04 20:00,31.471003041463614
2025-08-04 21:00,31.37158276169397
2025-08-04 22:00,33.2552808317177
2025-08-04 23:00,27.68711990746755
2025-08-05 00:00,1.6462908775460794
2025-08-05 01:00,0.5688962887777085
2025-08-05 02:00,0.011051396449860196
2025-08-05 03:00,1.6124305304055127
2025-08-05 04:00,2.5075581660504302
2025-08-05 05:00,3.018034397686508
2025-08-05 06:00,3.0495398233118567
2025-08-05 07:00,2.750570755338301
2025-08-05 08:00,1.5733474347854826
2025-08-05 09:00,0.45847774593155166
2025-08-05 10:00,7.926214316976997
2025-08-05 11:00,4.582500128105504
2025-08-05 12:00,2.2170280415818304
2025-08-05 13:00,16.77195707101268
2025-08-05 14:00,11.775840107510621
2025-08-05 15:00,18.96147474122877
2025-08-05 16:00,19.318831836796175
2025-08-05 17:00,25.555274961212366
2025-08-05 18:00,29.192371517773633
2025-08-05 19:00,33.95751504835504
2025-08-05 20:00,35.227344364078355
2025-08-05 21:00,36.049814308421766
2025-08-05 22:00,38.23482162858573
2025-08-05 23:00,41.413630406339294
2025-08-06 00:00,37.96093670028702
2025-08-06 01:00,34.7230160667687
2025-08-06 02:00,35.7120246145666
2025-08-06 03:00,32.90318574190481
2025-08-06 04:00,27.03619015213863
2025-08-06 05:00,24.59529797668347
2025-08-06 06:00,25.870573311720182
2025-08-06 07:00,33.8080422766564
2025-08-06 08:00,35.72849175122121
2025-08-06 09:00,31.40668424683421
2025-08-06 10:00,31.907740685398483
2025-08-06 11:00,26.918681171596802
2025-08-06 12:00,31.633587852465755
2025-08-06 13:00,32.280358834441905
2025-08-06 14:00,35.04766435379946
2025-08-06 15:00,33.489883058280995
2025-08-06 16:00,33.39065037645036
2025-08-06 17:00,39.596843991349594
2025-08-06 18:00,35.42000296359132
2025-08-06 19:00,34.47325307855566
2025-08-06 20:00,31.65254115167181
2025-08-06 21:00,30.997334088329627
2025-08-06 22:00,24.564497399420322
2025-08-06 23:00,16.16378067639337
2025-08-07 00:00,11.093610826539441
2025-08-07 01:00,8.30347708471226
2025-08-07 02:00,7.736612090055145
2025-08-07 03:00,5.434437054635733
2025-08-07 04:00,6.85704801170842
2025-08-07 05:00,3.424549320752001
2025-08-07 06:00,5.324971044875729
2025-08-07 07:00,2.5233790063536246
2025-08-07 08:00,1.8483554557587465
2025-08-07 09:00,1.3900071300805703
2025-08-07 10:00,0.8042838042226179
2025-08-07 11:00,2.155602554947958
2025-08-07 12:00,2.9795419353338217
2025-08-07 13:00,5.327758648634262
2025-08-07 14:00,4.6442729850546405
2025-08-07 15:00,4.873582315626646
2025-08-07 16:00,3.989810530217995
2025-08-07 17:00,3.0487431629518564
2025-08-07 18:00,2.213109115511324
2025-08-07 19:00,2.1750124402222486
2025-08-07 20:00,0.6476626549188231
2025-08-07 21:00,0.5416624802948435
2025-08-07 22:00,0.0
2025-08-07 23:00,0.86505299059912
2025-08-08 00:00,4.311955962664816
2025-08-08 01:00,4.651482593716854
2025-08-08 02:00,2.8490860444865858
2025-08-08 03:00,1.5108262391504526
2025-08-08 04:00,2.413228375869841
2025-08-08 05:00,1.4857129176589714
2025-08-08 06:00,1.346118039296973
2025-08-08 07:00,0.5809195271932883
2025-08-08 08:00,0.3354150671388063
2025-08-08 09:00,0.12625748634095968
2025-08-08 10:00,0.021508241189121535
2025-08-08 11:00,1.2892432030248644
2025-08-08 12:00,1.0044038157648287
2025-08-08 13:00,0.0
2025-08-08 14:00,0.0
2025-08-08 15:00,0.6495454097420146
2025-08-08 16:00,2.0423803475485314
2025-08-08 17:00,3.693004913182169
2025-08-08 18:00,2.8720971261293435
2025-08-08 19:00,1.338017970233134
2025-08-08 20:00,1.0036527018738681
2025-08-08 21:00,3.4809907060382024
2025-08-08 22:00,0.7394985595718633
2025-08-08 23:00,0.828098126097423
2025-08-09 00:00,3.1752858405962434
2025-08-09 01:00,0.1988641680087575
2025-08-09 02:00,1.4855613800306013
2025-08-09 03:00,1.9873178939654204
2025-08-09 04:00,3.517343255640497
2025-08-09 05:00,3.31177258822094
2025-08-09 06:00,5.123813116911949
2025-08-09 07:00,2.42173035289287
2025-08-09 08:00,0.8324895581337575
2025-08-09 09:00,0.9625277499932869
2025-08-09 10:00,0.0
2025-08-09 11:00,0.3754484616218514
2025-08-09 12:00,1.8439701465571778
2025-08-09 13:00,0.818505461330834
2025-08-09 14:00,3.327866808934744
2025-08-09 15:00,13.126843166838448
2025-08-09 16:00,21.44496558592832
2025-08-09 17:00,34.54897050326284
2025-08-09 18:00,39.25297119533565
2025-08-09 19:00,23.600700331041903
2025-08-09 20:00,8.517801762137802
2025-08-09 21:00,12.836955512979943
2025-08-09 22:00,20.279490541089036
2025-08-09 23:00,27.349531129571204
2025-08-10 00:00,3.545654744597328
2025-08-10 01:00,13.35599000512844
2025-08-10 02:00,7.413012577964724
2025-08-10 03:00,23.349126983852297
2025-08-10 04:00,18.821543473350694
2025-08-10 05:00,19.398949429288823
2025-08-10 06:00,26.965365680521256
2025-08-10 07:00,26.660685340675485
2025-08-10 08:00,36.81306988176128
2025-08-10 09:00,35.26542135360291
2025-08-10 10:00,25.947401336258956
2025-08-10 11:00,17.149759555180314
2025-08-10 12:00,14.473119013748398
2025-08-10 13:00,18.429387100916365
2025-08-10 14:00,17.699961072708017
2025-08-10 15:00,10.334587515566298
2025-08-10 16:00,13.272139266369951
2025-08-10 17:00,9.106299507828474
2025-08-10 18:00,6.11768612300635
2025-08-10 19:00,2.9359460207317394
2025-08-10 20:00,2.876715026912214
2025-08-10 21:00,3.3122290275992223
2025-08-10 22:00,2.2307184061988887
2025-08-10 23:00,1.0466996213357036
2025-08-11 00:00,9.276342157476158
2025-08-11 01:00,3.906457790132765
2025-08-11 02:00,0.7948895008843482
2025-08-11 03:00,3.0462497531747545
2025-08-11 04:00,0.1850722477974911
2025-08-11 05:00,0.9781569213301855
2025-08-11 06:00,0.9942888893539179
2025-08-11 07:00,1.3664326104684017
2025-08-11 08:00,1.197805246448981
2025-08-11 09:00,1.0257842890026687
2025-08-11 10:00,0.0
2025-08-11 11:00,0.0
2025-08-11 12:00,0.2592506546579201
2025-08-11 13:00,2.823696579803455
2025-08-11 14:00,1.26167442661276
2025-08-11 15:00,8.202729987478685
2025-08-11 16:00,16.452716608826172
2025-08-11 17:00,6.058454796063472
2025-08-11 18:00,1.3972711476611108
2025-08-11 19:00,1.2659223150769985
2025-08-11 20:00,2.0141018458334443
2025-08-11 21:00,1.0710039825210331
2025-08-11 22:00,2.2652387102758196
2025-08-11 23:00,2.307594189733796
2025-08-12 00:00,1.5764113555393493
2025-08-12 01:00,1.168715615245116
2025-08-12 02:00,2.4066260150898233
2025-08-12 03:00,1.610958286719324
2025-08-12 04:00,0.07238371725571557
2025-08-12 05:00,0.5254178114792585
2025-08-12 06:00,0.0
2025-08-12 07:00,0.3179544477924776
2025-08-12 08:00,0.525472128533909
2025-08-12 09:00,1.031400552287868
2025-08-12 10:00,2.67027697476921
2025-08-12 11:00,9.971383753321781
2025-08-12 12:00,5.0021620316720945
2025-08-12 13:00,1.843261303948912
2025-08-12 14:00,3.9460046157683344
2025-08-12 15:00,15.791392324972026
2025-08-12 16:00,5.106661951844759
2025-08-12 17:00,6.657666844558509
2025-08-12 18:00,22.236897329531203
2025-08-12 19:00,13.450272542735462
2025-08-12 20:00,15.687232951287836
2025-08-12 21:00,5.77990272510646
2025-08-12 22:00,10.810004981555544
2025-08-12 23:00,8.083702885578111
2025-08-13 00:00,22.507034435723384
2025-08-13 01:00,27.54909740044542
2025-08-13 02:00,26.659982159141936
2025-08-13 03:00,20.878187720107185
2025-08-13 04:00,11.045772134809916
2025-08-13 05:00,26.60795230416623
2025-08-13 06:00,39.005487263847655
2025-08-13 07:00,41.71287998619039
2025-08-13 08:00,44.35220665958997
2025-08-13 09:00,37.24207236815546
2025-08-13 10:00,30.22960796479103
2025-08-13 11:00,26.502416257753932
2025-08-13 12:00,30.829428570378255
2025-08-13 13:00,29.23980808361174
2025-08-13 14:00,34.31505565096602
2025-08-13 15:00,31.214907422296406
2025-08-13 16:00,30.573467383952263
2025-08-13 17:00,29.90277740254915
2025-08-13 18:00,30.8794995282922
2025-08-13 19:00,27.28035644711369
2025-08-13 20:00,24.257213330941006
2025-08-13 21:00,16.213411663333563
2025-08-13 22:00,19.966244795426253
2025-08-13 23:00,23.435042870610676
2025-08-14 00:00,29.321972678044403
2025-08-14 01:00,29.579475880552465
2025-08-14 02:00,20.394065075364082
2025-08-14 03:00,17.815370277948865
2025-08-14 04:00,20.992779651682905
2025-08-14 05:00,16.03088350546166
2025-08-14 06:00,7.00610330508151
2025-08-14 07:00,13.536160761311898
2025-08-14 08:00,10.065908010952237
2025-08-14 09:00,11.603193622098631
2025-08-14 10:00,13.171653552722834
2025-08-14 11:00,3.4206507549036687
2025-08-14 12:00,7.532025774700217
2025-08-14 13:00,3.9529183643492227
2025-08-14 14:00,1.444410918807884
2025-08-14 15:00,2.4534836770043826
2025-08-14 16:00,3.440441054115438
2025-08-14 17:00,5.390219884972614
2025-08-14 18:00,9.995043119619012
2025-08-14 19:00,3.312206187683516
2025-08-14 20:00,3.9011527408106197
2025-08-14 21:00,3.771584514096532
2025-08-14 22:00,4.854233682520553
2025-08-14 23:00,4.145324612926777
2025-08-15 00:00,0.11016547312958425
2025-08-15 01:00,0.0
2025-08-15 02:00,0.0
2025-08-15 03:00,0.0
2025-08-15 04:00,2.0187840658339393
2025-08-15 05:00,5.330649513195424
2025-08-15 06:00,0.8407857343310947
2025-08-15 07:00,3.091506051115594
2025-08-15 08:00,2.2861328857552357
2025-08-15 09:00,0.0
2025-08-15 10:00,0.0
2025-08-15 11:00,0.0
2025-08-15 12:00,0.0
2025-08-15 13:00,0.2843782960355538
2025-08-15 14:00,0.05245984356858009
2025-08-15 15:00,1.781832896597495
2025-08-15 16:00,0.6460807484872275
2025-08-15 17:00,2.994909818833876
2025-08-15 18:00,3.3872762382840462
2025-08-15 19:00,0.5760537671738017
2025-08-15 20:00,0.0
2025-08-15 21:00,0.0
2025-08-15 22:00,0.0
2025-08-15 23:00,0.0
2025-08-16 00:00,0.0
2025-08-16 01:00,0.0
2025-08-16 02:00,0.0
2025-08-16 03:00,0.0
2025-08-16 04:00,0.23629647884560412
2025-08-16 05:00,0.0
2025-08-16 06:00,0.9883288503204062
2025-08-16 07:00,0.18003927616723825
2025-08-16 08:00,0.24531579089901911
2025-08-16 09:00,0.0
2025-08-16 10:00,0.07040177146859994
2025-08-16 11:00,0.0
2025-08-16 12:00,0.0
2025-08-16 13:00,0.0
2025-08-16 14:00,0.0
2025-08-16 15:00,1.420284857391923
2025-08-16 16:00,1.8092406670270753
2025-08-16 17:00,1.7867312673868734
2025-08-16 18:00,1.5839508041025425
2025-08-16 19:00,2.4887592037409325
2025-08-16 20:00,0.0
2025-08-16 21:00,0.9218236985606842
2025-08-16 22:00,0.19338478768778344
2025-08-16 23:00,1.6223816565325828
2025-08-17 00:00,0.6870404369772594
2025-08-17 01:00,1.5454535057039247
2025-08-17 02:00,1.1504017962444442
2025-08-17 03:00,0.0
2025-08-17 04:00,1.5117941663238694
2025-08-17 05:00,0.5260735570055455
2025-08-17 06:00,1.820598468014981
2025-08-17 07:00,0.323762754991451
2025-08-17 08:00,1.676025996405222
2025-08-17 09:00,0.0
2025-08-17 10:00,0.0
2025-08-17 11:00,0.0
2025-08-17 12:00,0.0
2025-08-17 13:00,0.1575933127697157
2025-08-17 14:00,0.0
2025-08-17 15:00,0.748569790021046
2025-08-17 16:00,0.966104801821632
2025-08-17 17:00,1.2151897324651075
2025-08-17 18:00,2.598705621538845
2025-08-17 19:00,0.0
2025-08-17 20:00,0.0
2025-08-17 21:00,1.2294692287953315
2025-08-17 22:00,0.0
2025-08-17 23:00,0.0
2025-08-18 00:00,0.0
2025-08-18 01:00,0.10583390970704931
2025-08-18 02:00,2.8578464882083563
2025-08-18 03:00,7.066248248677549
2025-08-18 04:00,1.075835379494017
2025-08-18 05:00,3.299834892668476
2025-08-18 06:00,1.5777390822039639
2025-08-18 07:00,1.5280595807054944
2025-08-18 08:00,1.5492341428445169
2025-08-18 09:00,0.27800100995437216
2025-08-18 10:00,0.0
2025-08-18 11:00,0.36143184708444026
2025-08-18 12:00,0.0
2025-08-18 13:00,0.0
2025-08-18 14:00,0.0
2025-08-18 15:00,0.0
2025-08-18 16:00,0.6352376676518878
2025-08-18 17:00,3.6652661074085806
2025-08-18 18:00,4.190088417708437
2025-08-18 19:00,2.942825609651842
2025-08-18 20:00,0.7094206225632602
2025-08-18 21:00,0.10133948461760234
2025-08-18 22:00,0.5607727756314258
2025-08-18 23:00,1.518138735384622
2025-08-19 00:00,2.8032445508943535
2025-08-19 01:00,7.314803962471536
2025-08-19 02:00,6.643658351851993
2025-08-19 03:00,10.465373947804627
2025-08-19 04:00,9.985532610530882
2025-08-19 05:00,8.085293567569888
2025-08-19 06:00,4.7028566570213695
2025-08-19 07:00,4.247301016753086
2025-08-19 08:00,4.973150126883377
2025-08-19 09:00,2.478545887382081
2025-08-19 10:00,0.0
2025-08-19 11:00,1.7347737066723685
2025-08-19 12:00,1.8846760843532822
2025-08-19 13:00,0.7770306498554994
2025-08-19 14:00,4.653162695230931
2025-08-19 15:00,1.826866768131604
2025-08-19 16:00,2.2424952754078946
2025-08-19 17:00,3.7345020420166035
2025-08-19 18:00,6.139719580118419
2025-08-19 19:00,3.6796617250033226
2025-08-19 20:00,1.3275705416694246
2025-08-19 21:00,3.0816187589404263
2025-08-19 22:00,2.6876891621250634
2025-08-19 23:00,0.7803763174536633
2025-08-20 00:00,3.03322493365362
2025-08-20 01:00,4.371998192192626
2025-08-20 02:00,4.883203145320572
2025-08-20 03:00,5.434744029468495
2025-08-20 04:00,5.969651889599362
2025-08-20 05:00,4.432362878836579
2025-08-20 06:00,6.987606378273927
2025-08-20 07:00,11.087769849378816
2025-08-20 08:00,9.673621619221661
2025-08-20 09:00,6.302467455854237
2025-08-20 10:00,2.136558248232428
2025-08-20 11:00,0.6337323577859707
2025-08-20 12:00,1.671441338312836
2025-08-20 13:00,0.6587923009307823
2025-08-20 14:00,2.0725306634915004
2025-08-20 15:00,1.9336973365556793
2025-08-20 16:00,2.6405703982782267
2025-08-20 17:00,2.795717640139028
2025-08-20 18:00,5.618821920823909
2025-08-20 19:00,2.494034120375778
2025-08-20 20:00,0.9231060012823673
2025-08-20 21:00,1.8109975026762073
2025-08-20 22:00,1.6806277449545886
2025-08-20 23:00,0.9859620532026971
2025-08-21 00:00,2.3466082312761127
2025-08-21 01:00,3.913691910066542
2025-08-21 02:00,4.117427661156191
2025-08-21 03:00,2.3191521110027202
2025-08-21 04:00,1.939853702996924
2025-08-21 05:00,0.7190162084490859
2025-08-21 06:00,0.6684088995371531
2025-08-21 07:00,1.0638357187202954
2025-08-21 08:00,0.3574305886243163
2025-08-21 09:00,0.20107973271181057
2025-08-21 10:00,0.02137655282382822
2025-08-21 11:00,0.0
2025-08-21 12:00,0.07372652006851069
2025-08-21 13:00,0.0
2025-08-21 14:00,0.0
2025-08-21 15:00,0.19343259097410498
2025-08-21 16:00,2.043070916201287
2025-08-21 17:00,2.4421098913728274
2025-08-21 18:00,1.8288142961592984
2025-08-21 19:00,0.5452909034678619
2025-08-21 20:00,0.43555997426505266
2025-08-21 21:00,1.3041262083045315
2025-08-21 22:00,0.7150299668283293
2025-08-21 23:00,0.0
2025-08-22 00:00,0.6054184713348505
2025-08-22 01:00,0.05866275233467633
2025-08-22 02:00,1.4441726388576317
2025-08-22 03:00,3.0332988752415835
2025-08-22 04:00,0.0
2025-08-22 05:00,0.0
2025-08-22 06:00,0.0
2025-08-22 07:00,2.3468607307418137
2025-08-22 08:00,0.7678468902937985
2025-08-22 09:00,0.21950885349403415
2025-08-22 10:00,0.30054125957015854
2025-08-22 11:00,0.0
2025-08-22 12:00,0.0
2025-08-22 13:00,0.0
2025-08-22 14:00,0.7216840786390353
2025-08-22 15:00,0.23483482195019578
2025-08-22 16:00,0.720824906754173
2025-08-22 17:00,1.5272535395640519
2025-08-22 18:00,2.5603494381170053
2025-08-22 19:00,1.4425254897922817
2025-08-22 20:00,0.8772382833643353
2025-08-22 21:00,2.0223161952178232
2025-08-22 22:00,3.004263555063904
2025-08-22 23:00,2.5649403407664177
2025-08-23 00:00,0.11580259886128719
2025-08-23 01:00,0.8630775357343587
2025-08-23 02:00,0.04660826072921642
2025-08-23 03:00,0.5422588305466527
2025-08-23 04:00,1.273587310057191
2025-08-23 05:00,0.0
2025-08-23 06:00,3.833251240488547
2025-08-23 07:00,1.833107119697683
2025-08-23 08:00,0.10301265895024603
2025-08-23 09:00,0.0
2025-08-23 10:00,0.0
2025-08-23 11:00,0.0
2025-08-23 12:00,0.0
2025-08-23 13:00,0.0
2025-08-23 14:00,0.0
2025-08-23 15:00,0.42183345243081316
2025-08-23 16:00,0.5306006026959904
2025-08-23 17:00,1.6755294434201942
2025-08-23 18:00,1.3139933614672688
2025-08-23 19:00,1.9586502574982683
2025-08-23 20:00,1.4390579487462314
2025-08-23 21:00,1.573820711063751
2025-08-23 22:00,1.0382023216105893
2025-08-23 23:00,0.8417228817434665
2025-08-24 00:00,1.7618821915843181
2025-08-24 01:00,0.7517904792293333
2025-08-24 02:00,0.6117386263019191
2025-08-24 03:00,2.3458184582250374
2025-08-24 04:00,1.62688792123443
2025-08-24 05:00,1.9579100514967474
2025-08-24 06:00,2.585019202791914
2025-08-24 07:00,4.943274381643583
2025-08-24 08:00,1.2827459542992754
2025-08-24 09:00,0.6687018676310821
2025-08-24 10:00,0.17316137802485088
2025-08-24 11:00,0.0
2025-08-24 12:00,0.0
2025-08-24 13:00,2.5532261299750125
2025-08-24 14:00,3.9503726409665996
2025-08-24 15:00,3.979156568996066
2025-08-24 16:00,1.3353837929901289
2025-08-24 17:00,2.623973565533644
2025-08-24 18:00,4.564818392980822
2025-08-24 19:00,1.9359659401585914
2025-08-24 20:00,1.0698406300499008
2025-08-24 21:00,1.080391960840374
2025-08-24 22:00,0.6843100986885622
2025-08-24 23:00,1.5271113989337888
2025-08-25 00:00,3.204278497001164
2025-08-25 01:00,2.6261899132157867
2025-08-25 02:00,7.064069514219952
2025-08-25 03:00,1.1529143202701402
2025-08-25 04:00,1.2428958503510446
2025-08-25 05:00,1.8863372165749825
2025-08-25 06:00,1.8582876454280588
2025-08-25 07:00,7.046524173780438
2025-08-25 08:00,2.7178726216789477
2025-08-25 09:00,7.822657793750067
2025-08-25 10:00,4.723360378440041
2025-08-25 11:00,1.4324553622422285
2025-08-25 12:00,0.3589213209563684
2025-08-25 13:00,5.28078043329436
2025-08-25 14:00,8.10775380887095
2025-08-25 15:00,9.55673200434227
2025-08-25 16:00,15.020225476588475
2025-08-25 17:00,16.508892305074117
2025-08-25 18:00,20.116588815589637
2025-08-25 19:00,19.34312298453706
2025-08-25 20:00,21.510182824465588
2025-08-25 21:00,20.182357057992448
2025-08-25 22:00,29.165280483439346
2025-08-25 23:00,26.571638548490494
2025-08-26 00:00,23.423683819203838
2025-08-26 01:00,23.576984506720986
2025-08-26 02:00,34.32572486242341
2025-08-26 03:00,32.16793923814922
2025-08-26 04:00,33.95848326473795
2025-08-26 05:00,35.07180880106149
2025-08-26 06:00,35.744915650046025
2025-08-26 07:00,35.2032853036585
2025-08-26 08:00,36.40963693954533
2025-08-26 09:00,25.662459640409033
2025-08-26 10:00,17.680461273071764
2025-08-26 11:00,29.915021230599663
2025-08-26 12:00,12.451781781148814
2025-08-26 13:00,15.643996664887794
2025-08-26 14:00,4.185458065314148
2025-08-26 15:00,6.497192259503924
2025-08-26 16:00,3.314617583011095
2025-08-26 17:00,3.80080310893089
2025-08-26 18:00,5.366619744876129
2025-08-26 19:00,3.3091710845255626
2025-08-26 20:00,6.741780713004868
2025-08-26 21:00,2.060528386102784
2025-08-26 22:00,2.794298876304228
2025-08-26 23:00,3.062999466868857
2025-08-27 00:00,2.043985064277632
2025-08-27 01:00,0.0
2025-08-27 02:00,0.29861744243060073
2025-08-27 03:00,0.7031402713133486
2025-08-27 04:00,0.8210589724506614
2025-08-27 05:00,0.413510408425362
2025-08-27 06:00,0.03763868410035376
2025-08-27 07:00,1.7543229299882532
2025-08-27 08:00,0.6480705259724753
2025-08-27 09:00,0.0
2025-08-27 10:00,0.24268477999580917
2025-08-27 11:00,0.18361771022907308
2025-08-27 12:00,0.710621878223228
2025-08-27 13:00,0.0
2025-08-27 14:00,1.0161485513215418
2025-08-27 15:00,0.5602157182731952
2025-08-27 16:00,0.17472460979726523
2025-08-27 17:00,2.061174512426005
2025-08-27 18:00,3.538007935459347
2025-08-27 19:00,1.1055772918750473
2025-08-27 20:00,0.3312598593533411
2025-08-27 21:00,0.4078638174274545
2025-08-27 22:00,0.18986231892522465
2025-08-27 23:00,0.5559570821644089
2025-08-28 00:00,0.45639123765372336
2025-08-28 01:00,1.709909104542347
2025-08-28 02:00,4.764989544747303
2025-08-28 03:00,4.911293562906145
2025-08-28 04:00,6.083269768993822
2025-08-28 05:00,6.549122782475452
2025-08-28 06:00,7.89526892358198
2025-08-28 07:00,7.102014818647957
2025-08-28 08:00,4.237331174429704
2025-08-28 09:00,6.19657152747148
2025-08-28 10:00,7.247146292413511
2025-08-28 11:00,8.091335219537664
2025-08-28 12:00,8.567251521463332
2025-08-28 13:00,3.712437471457371
2025-08-28 14:00,3.2960429847801134
2025-08-28 15:00,3.561123864400116
2025-08-28 16:00,9.049316984235293
2025-08-28 17:00,10.834167749623807
2025-08-28 18:00,12.243488672663485
2025-08-28 19:00,7.8631331989430135
2025-08-28 20:00,4.507967965713814
2025-08-28 21:00,4.009879821283752
2025-08-28 22:00,7.044162181691817
2025-08-28 23:00,6.877539927442163
2025-08-29 00:00,9.433063538011176
2025-08-29 01:00,9.081814478419027
2025-08-29 02:00,7.405659042684281
2025-08-29 03:00,5.8561639856316585
2025-08-29 04:00,10.597487112215477
2025-08-29 05:00,8.235037579222299
2025-08-29 06:00,5.67014087618786
2025-08-29 07:00,6.098559782552899
2025-08-29 08:00,2.6130683617530313
2025-08-29 09:00,1.3872221135835687
2025-08-29 10:00,0.047439441400133564
2025-08-29 11:00,0.0
2025-08-29 12:00,0.657025526368569
2025-08-29 13:00,0.3839064390879686
2025-08-29 14:00,2.6612277700719686
2025-08-29 15:00,4.554121651506177
2025-08-29 16:00,1.805695377125528
2025-08-29 17:00,6.9228774372407615
2025-08-29 18:00,5.808252271411043
2025-08-29 19:00,3.2680838034498425
2025-08-29 20:00,1.814300194521051
2025-08-29 21:00,2.669696279190382
2025-08-29 22:00,4.830641508852637
2025-08-29 23:00,3.5308938223639146
2025-08-30 00:00,1.9482832893364623
2025-08-30 01:00,0.9213568434407646
2025-08-30 02:00,0.31875301250180543
2025-08-30 03:00,2.1487418094698074
2025-08-30 04:00,2.763596058767881
2025-08-30 05:00,4.205071978842197
2025-08-30 06:00,3.599490980511414
2025-08-30 07:00,5.338549041015161
2025-08-30 08:00,1.831888696711425
2025-08-30 09:00,0.32105852579239014
2025-08-30 10:00,0.0
2025-08-30 11:00,0.0
2025-08-30 12:00,0.0
2025-08-30 13:00,0.0
2025-08-30 14:00,0.558318653689798
2025-08-30 15:00,0.3803371290734766
2025-08-30 16:00,0.5695318381524761
2025-08-30 17:00,3.8898268998015624
2025-08-30 18:00,1.4580661377108761
2025-08-30 19:00,1.1108341067503997
2025-08-30 20:00,0.2927451833392638
2025-08-30 21:00,1.183018767122907
2025-08-30 22:00,1.6688610633272698
2025-08-30 23:00,0.6510107170856418
2025-08-31 00:00,0.0
2025-08-31 01:00,1.4142510056636994
2025-08-31 02:00,2.5068840032056063
2025-08-31 03:00,2.534136995343778
2025-08-31 04:00,1.0790945897709805
2025-08-31 05:00,3.8521733484749396
2025-08-31 06:00,5.3116712557121994
2025-08-31 07:00,6.132752042001926
2025-08-31 08:00,3.541950620915897
2025-08-31 09:00,1.0232538237115814
2025-08-31 10:00,0.5912411960782431
2025-08-31 11:00,2.0671618166601373
2025-08-31 12:00,4.909129826916556
2025-08-31 13:00,2.29655851866123
2025-08-31 14:00,5.109138927119652
2025-08-31 15:00,11.270153657550155
2025-08-31 16:00,7.528847814396154
2025-08-31 17:00,3.596469129773184
2025-08-31 18:00,3.558146671299653
2025-08-31 19:00,6.015842181687998
2025-08-31 20:00,18.695234954213348
2025-08-31 21:00,17.377301818175447
2025-08-31 22:00,25.29309476555975
2025-08-31 23:00,31.680907445695585
2025-09-01 00:00,10.795449801020785
2025-09-01 01:00,17.095423456138615
2025-09-01 02:00,16.663486156724147
2025-09-01 03:00,8.570771689746804
2025-09-01 04:00,15.291097090884133
2025-09-01 05:00,19.765676206085367
2025-09-01 06:00,28.796971169727684
2025-09-01 07:00,27.073586372602534
2025-09-01 08:00,27.98741961033819
2025-09-01 09:00,21.14309372554876
2025-09-01 10:00,19.889274250681392
2025-09-01 11:00,19.772911935958785
2025-09-01 12:00,19.225815877051957
2025-09-01 13:00,25.716394147968415
2025-09-01 14:00,30.73729561433018
2025-09-01 15:00,30.78595540678753
2025-09-01 16:00,35.61440120385576
2025-09-01 17:00,36.018516168323885
2025-09-01 18:00,25.032748805470863
2025-09-01 19:00,29.190375346808555
2025-09-01 20:00,29.38379951604071
2025-09-01 21:00,19.74300637738086
2025-09-01 22:00,21.55601526765831
2025-09-01 23:00,8.549900294569275
2025-09-02 00:00,4.334133641456963
2025-09-02 01:00,2.471582708657612
2025-09-02 02:00,4.254259335813865
2025-09-02 03:00,4.981820286961964
2025-09-02 04:00,4.837971800893461
2025-09-02 05:00,3.303011280979248
2025-09-02 06:00,2.686086896482947
2025-09-02 07:00,1.1055926317967377
2025-09-02 08:00,1.1839678876573396
2025-09-02 09:00,0.03742519575107517
2025-09-02 10:00,0.2571336581251207
2025-09-02 11:00,1.2112365090014992
2025-09-02 12:00,0.5267697917330666
2025-09-02 13:00,0.8873684746611892
2025-09-02 14:00,1.2074602981799507
2025-09-02 15:00,0.3991715144817354
2025-09-02 16:00,1.1564044148607127
2025-09-02 17:00,1.7426040895627408
2025-09-02 18:00,3.217728138434559
2025-09-02 19:00,4.031870932905761
2025-09-02 20:00,1.6584879731433126
2025-09-02 21:00,3.6845522165621905
2025-09-02 22:00,1.1465608794420157
2025-09-02 23:00,2.0668945720605074
2025-09-03 00:00,0.23892457023883518
2025-09-03 01:00,1.090667508965487
2025-09-03 02:00,1.4011350566639962
2025-09-03 03:00,1.1770845671663768
2025-09-03 04:00,2.954117719643927
2025-09-03 05:00,1.5409260233296211
2025-09-03 06:00,0.9289590260803413
2025-09-03 07:00,0.37106925012301195
2025-09-03 08:00,0.633482699026747
2025-09-03 09:00,0.0
2025-09-03 10:00,0.020174153660979854
2025-09-03 11:00,0.14218230353019218
2025-09-03 12:00,0.004892924808540089
2025-09-03 13:00,1.011099854712955
2025-09-03 14:00,0.3704883714748642
2025-09-03 15:00,0.4755709322008455
2025-09-03 16:00,0.955831939409189
2025-09-03 17:00,2.0268229628149275
2025-09-03 18:00,3.197307301119216
2025-09-03 19:00,2.013622635199669
2025-09-03 20:00,1.355365960614948
2025-09-03 21:00,2.259143018986257
2025-09-03 22:00,2.9091251419566864
2025-09-03 23:00,3.032090644672886
2025-09-04 00:00,1.9488391888903518
2025-09-04 01:00,0.9890654498497646
2025-09-04 02:00,1.841696896387484
2025-09-04 03:00,1.7570764560941523
2025-09-04 04:00,1.2952424476696764
2025-09-04 05:00,0.6397443627716735
2025-09-04 06:00,1.8083142921424327
2025-09-04 07:00,1.7370871012928157
2025-09-04 08:00,1.3146129091856624
2025-09-04 09:00,0.5554453753335382
2025-09-04 10:00,0.7167147811752956
2025-09-04 11:00,0.14346875150567726
2025-09-04 12:00,0.9570954210065117
2025-09-04 13:00,1.1423638195617882
2025-09-04 14:00,7.814357312735816
2025-09-04 15:00,6.779729530703918
2025-09-04 16:00,7.681875486717292
2025-09-04 17:00,7.41330487154835
2025-09-04 18:00,5.8753251086395775
2025-09-04 19:00,5.090951235322687
2025-09-04 20:00,2.340860615520933
2025-09-04 21:00,3.8813939786380236
2025-09-04 22:00,3.9969837694026675
2025-09-04 23:00,4.6203017914572415
2025-09-05 00:00,1.7740307117911454
2025-09-05 01:00,1.5612121920170798
2025-09-05 02:00,2.0778889699253575
2025-09-05 03:00,2.7266140290829024
2025-09-05 04:00,1.240422603975328
2025-09-05 05:00,2.6678617668579605
2025-09-05 06:00,0.7412632000686648
2025-09-05 07:00,1.269466410925288
2025-09-05 08:00,0.5391860481160378
2025-09-05 09:00,0.0
2025-09-05 10:00,0.182391547497054
2025-09-05 11:00,0.0
2025-09-05 12:00,1.333245110630301
2025-09-05 13:00,0.16270912761833337
2025-09-05 14:00,0.838394112694831
2025-09-05 15:00,2.0630175050212802
2025-09-05 16:00,1.1840690576865378
2025-09-05 17:00,2.015751931399674
2025-09-05 18:00,2.3458979610928954
2025-09-05 19:00,1.523883523808883
2025-09-05 20:00,1.8802836944895316
2025-09-05 21:00,2.206866646740359
2025-09-05 22:00,2.432420123343921
2025-09-05 23:00,6.09998597867592
2025-09-06 00:00,11.23601265660574
2025-09-06 01:00,9.659796140967766
2025-09-06 02:00,9.445721235423946
2025-09-06 03:00,15.502517708767998
2025-09-06 04:00,20.280290746980267
2025-09-06 05:00,13.587025062925637
2025-09-06 06:00,10.57766007424028
2025-09-06 07:00,29.279167129215686
2025-09-06 08:00,26.038314257142765
2025-09-06 09:00,27.331690343122933
2025-09-06 10:00,23.214982087196912
2025-09-06 11:00,19.980664993318086
2025-09-06 12:00,23.26350115164393
2025-09-06 13:00,19.86211712110928
2025-09-06 14:00,13.513974784965743
2025-09-06 15:00,17.17126002426555
2025-09-06 16:00,23.675465162692195
2025-09-06 17:00,31.458157236688464
2025-09-06 18:00,25.04621831100148
2025-09-06 19:00,25.5519428747228
2025-09-06 20:00,28.637041509731244
2025-09-06 21:00,27.071569498446532
2025-09-06 22:00,24.072791386654057
2025-09-06 23:00,32.06329379926538
2025-09-07 00:00,25.19436238712764
2025-09-07 01:00,25.73747414983342
2025-09-07 02:00,32.066253725123566
2025-09-07 03:00,29.99422033512977
2025-09-07 04:00,25.446682688105405
2025-09-07 05:00,25.081768503625636
2025-09-07 06:00,9.062199782476725
2025-09-07 07:00,8.082510107461149
2025-09-07 08:00,8.863603117041968
2025-09-07 09:00,5.655806764795745
2025-09-07 10:00,2.6692010356046865
2025-09-07 11:00,2.483349681503885
2025-09-07 12:00,1.9981931621991051
2025-09-07 13:00,2.072045987599001
2025-09-07 14:00,0.9305687697513096
2025-09-07 15:00,1.375168515264983
2025-09-07 16:00,1.3188112221883546
2025-09-07 17:00,4.778030624287748
2025-09-07 18:00,4.936599668072339
2025-09-07 19:00,3.165648416472687
2025-09-07 20:00,7.080949081034612
2025-09-07 21:00,5.989452996966415
2025-09-07 22:00,3.6456300275418627
2025-09-07 23:00,6.802537010524581
2025-09-08 00:00,3.6367064483947114
2025-09-08 01:00,3.593610560784019
2025-09-08 02:00,3.9570982747761168
2025-09-08 03:00,3.1429583073717
2025-09-08 04:00,1.7855638044719064
2025-09-08 05:00,2.496692435631921
2025-09-08 06:00,1.9444538619916583
2025-09-08 07:00,1.1388486963604811
2025-09-08 08:00,0.4736803645984411
2025-09-08 09:00,0.768001375283342
2025-09-08 10:00,0.0
2025-09-08 11:00,0.0
2025-09-08 12:00,0.5381314942197127
2025-09-08 13:00,3.745804925295562
2025-09-08 14:00,6.302388492492301
2025-09-08 15:00,1.9259366621438514
2025-09-08 16:00,0.8580838139540296
2025-09-08 17:00,1.4467344167695841
2025-09-08 18:00,1.5694558542725123
2025-09-08 19:00,1.7317397621961201
2025-09-08 20:00,2.3751428216027364
2025-09-08 21:00,1.2340843314384737
2025-09-08 22:00,2.1081114356976522
2025-09-08 23:00,2.1083795817989377
2025-09-09 00:00,5.253903603449866
2025-09-09 01:00,3.8135963677591023
2025-09-09 02:00,2.60196233716124
2025-09-09 03:00,2.600482598048705
2025-09-09 04:00,1.4796394841775928
2025-09-09 05:00,3.0482269953112526
2025-09-09 06:00,2.545436012792438
2025-09-09 07:00,3.572278646965386
2025-09-09 08:00,4.78538528918469
2025-09-09 09:00,0.004511524049834126
2025-09-09 10:00,1.031900551537439
2025-09-09 11:00,3.468570379511908
2025-09-09 12:00,15.384643886936374
2025-09-09 13:00,3.3431965217462016
2025-09-09 14:00,3.2178077407624697
2025-09-09 15:00,4.2783720769532145
2025-09-09 16:00,7.896720563976371
2025-09-09 17:00,15.190906837030786
2025-09-09 18:00,5.293267251662095
2025-09-09 19:00,9.083368868875814
2025-09-09 20:00,1.3489077684538842
2025-09-09 21:00,2.768532376784019
2025-09-09 22:00,3.0495734246547572
2025-09-09 23:00,3.82623090137921
2025-09-10 00:00,3.0283680307574343
2025-09-10 01:00,2.338088126521426
2025-09-10 02:00,5.450056771904491
2025-09-10 03:00,2.7858440178626407
2025-09-10 04:00,5.352631252842087
2025-09-10 05:00,5.5698765210455425
2025-09-10 06:00,5.272241909045039
2025-09-10 07:00,1.8517605542494486
2025-09-10 08:00,2.71774419456515
2025-09-10 09:00,2.076865620746111
2025-09-10 10:00,5.908068150176344
2025-09-10 11:00,6.266801984649487
2025-09-10 12:00,6.0663024800151515
2025-09-10 13:00,3.8607435269853214
2025-09-10 14:00,4.939522769953397
2025-09-10 15:00,5.0150624621420885
2025-09-10 16:00,5.698067983207524
2025-09-10 17:00,6.542129539451862
2025-09-10 18:00,9.677410107492735
2025-09-10 19:00,12.803043331802472
2025-09-10 20:00,10.686142209708912
2025-09-10 21:00,14.138115181827835
2025-09-10 22:00,8.307042921483793
2025-09-10 23:00,5.816776786350091
2025-09-11 00:00,4.82692552469814
2025-09-11 01:00,3.2747749980399856
2025-09-11 02:00,1.1281036217166815
2025-09-11 03:00,1.7957904422538746
2025-09-11 04:00,1.7512038632070057
2025-09-11 05:00,1.1409569265874637
2025-09-11 06:00,2.79648302312318
2025-09-11 07:00,2.7190539251494386
2025-09-11 08:00,3.1420461165404436
2025-09-11 09:00,2.1400812815996497
2025-09-11 10:00,1.7925916700935987
2025-09-11 11:00,1.6509320215499446
2025-09-11 12:00,1.119630049806412
2025-09-11 13:00,1.049853007278879
2025-09-11 14:00,0.25941260185831644
2025-09-11 15:00,0.9169366926919489
2025-09-11 16:00,1.0656966485950392
2025-09-11 17:00,4.566372061143416
2025-09-11 18:00,5.8153171950374665
2025-09-11 19:00,4.07787606885264
2025-09-11 20:00,4.321136221398949
2025-09-11 21:00,5.31921006557891
2025-09-11 22:00,7.20052876409529
2025-09-11 23:00,4.120228899124811
2025-09-12 00:00,5.256374894461311
2025-09-12 01:00,5.042075468912755
2025-09-12 02:00,4.251451188333601
2025-09-12 03:00,2.376142800400166
2025-09-12 04:00,3.2151080361595032
2025-09-12 05:00,1.8683907053212185
2025-09-12 06:00,4.734155658112124
2025-09-12 07:00,1.9697485436735938
2025-09-12 08:00,0.6174263431956322
2025-09-12 09:00,0.5439389996726749
2025-09-12 10:00,0.4145244850006067
2025-09-12 11:00,1.0901540706170068
2025-09-12 12:00,2.0834710598140394
2025-09-12 13:00,0.21668553820930692
2025-09-12 14:00,0.0
2025-09-12 15:00,0.0
2025-09-12 16:00,1.4098307811350743
2025-09-12 17:00,5.283635139928897
2025-09-12 18:00,4.154553056906738
2025-09-12 19:00,4.424474486757343
2025-09-12 20:00,1.6032936593073375
2025-09-12 21:00,2.663555172777814
2025-09-12 22:00,2.496160177766546
2025-09-12 23:00,2.8157401581397274
2025-09-13 00:00,34.08805914248682
2025-09-13 01:00,39.955951409949996
2025-09-13 02:00,47.91232018261159
2025-09-13 03:00,49.67363668700698
2025-09-13 04:00,49.01572506486481
2025-09-13 05:00,47.30863507872883
2025-09-13 06:00,46.60357971135239
2025-09-13 07:00,45.99006276901864
2025-09-13 08:00,47.16356996340797
2025-09-13 09:00,42.92996978345642
2025-09-13 10:00,37.23397444997216
2025-09-13 11:00,30.653723628647327
2025-09-13 12:00,15.945170248863436
2025-09-13 13:00,8.732294604587704
2025-09-13 14:00,11.010768361046898
2025-09-13 15:00,8.425008901527804
2025-09-13 16:00,6.053214460643238
2025-09-13 17:00,7.772679993837358
2025-09-13 18:00,5.578829418102063
2025-09-13 19:00,3.2004022233084797
2025-09-13 20:00,1.514824784955564
2025-09-13 21:00,1.7607140417132787
2025-09-13 22:00,0.8698988970822059
2025-09-13 23:00,1.4049723360489486
2025-09-14 00:00,2.5411514130156414
2025-09-14 01:00,3.4112752546433063
2025-09-14 02:00,4.355228917083438
2025-09-14 03:00,5.015375645325355
2025-09-14 04:00,11.182978495705298
2025-09-14 05:00,1.1278450667636353
2025-09-14 06:00,4.745126648825737
2025-09-14 07:00,2.743720018973833
2025-09-14 08:00,1.8896374619060423
2025-09-14 09:00,1.7297130159450014
2025-09-14 10:00,0.5322447131572802
2025-09-14 11:00,0.2980115842905975
2025-09-14 12:00,0.0
2025-09-14 13:00,0.0
2025-09-14 14:00,0.0
2025-09-14 15:00,0.1530246368537409
2025-09-14 16:00,0.0
2025-09-14 17:00,0.285603649409941
2025-09-14 18:00,0.8408540726819109
2025-09-14 19:00,1.269233671451194
2025-09-14 20:00,1.2092079331234196
2025-09-14 21:00,3.389918968096263
2025-09-14 22:00,3.2775679729191673
2025-09-14 23:00,0.6544965273323062
2025-09-15 00:00,0.9084290925325642
2025-09-15 01:00,2.226148802244393
2025-09-15 02:00,0.3605501568798717
2025-09-15 03:00,1.038440398225093
2025-09-15 04:00,0.060333898282183274
2025-09-15 05:00,0.0
2025-09-15 06:00,0.24981982408134673
2025-09-15 07:00,0.0
2025-09-15 08:00,0.039242425451903484
2025-09-15 09:00,0.0
2025-09-15 10:00,0.6638113558301387
2025-09-15 11:00,0.35821009170476203
2025-09-15 12:00,0.37942568759877215
2025-09-15 13:00,0.0
2025-09-15 14:00,0.23614782051026806
2025-09-15 15:00,0.35563710147929206
2025-09-15 16:00,0.8491553294746114
2025-09-15 17:00,1.7575227331587155
2025-09-15 18:00,1.1272331241112603
2025-09-15 19:00,0.39373530237030785
2025-09-15 20:00,0.0
2025-09-15 21:00,1.0355457151076788
2025-09-15 22:00,1.3040028373585026
2025-09-15 23:00,1.6101250099145537
2025-09-16 00:00,1.5633915632450233
2025-09-16 01:00,1.286113508358731
2025-09-16 02:00,1.0265927704213826
2025-09-16 03:00,1.194244869093716
2025-09-16 04:00,1.7462469958066191
2025-09-16 05:00,1.2374349845519539
2025-09-16 06:00,0.6138612332519022
2025-09-16 07:00,1.532092461622549
2025-09-16 08:00,0.3937424740958644
2025-09-16 09:00,5.392969860746103
2025-09-16 10:00,0.268386025945786
2025-09-16 11:00,0.154704377105088
2025-09-16 12:00,1.711445274863063
2025-09-16 13:00,8.314469246051148
2025-09-16 14:00,7.590314926151453
2025-09-16 15:00,12.148699272617504
2025-09-16 16:00,17.51738402831259
2025-09-16 17:00,19.598317623280497
2025-09-16 18:00,22.29473021119745
2025-09-16 19:00,22.41443027007442
2025-09-16 20:00,27.144376115767283
2025-09-16 21:00,24.986104694838893
2025-09-16 22:00,27.24073793338431
2025-09-16 23:00,29.769509721953156
2025-09-17 00:00,33.718086756901485
2025-09-17 01:00,32.47901324709754
2025-09-17 02:00,32.402802344166005
2025-09-17 03:00,29.28080039546927
2025-09-17 04:00,28.363975419116414
2025-09-17 05:00,23.86741046640279
2025-09-17 06:00,27.42709311091527
2025-09-17 07:00,26.07907595817243
2025-09-17 08:00,35.565949764637494
2025-09-17 09:00,30.955558292831363
2025-09-17 10:00,22.809014114766505
2025-09-17 11:00,25.52233730731594
2025-09-17 12:00,28.49014779775306
2025-09-17 13:00,10.893849639251888
2025-09-17 14:00,15.264847329376122
2025-09-17 15:00,22.04410618734361
2025-09-17 16:00,15.005277661535436
2025-09-17 17:00,6.09381428330357
2025-09-17 18:00,4.180079590704782
2025-09-17 19:00,14.540840195486716
2025-09-17 20:00,14.692214520341029
2025-09-17 21:00,20.893259342333877
2025-09-17 22:00,10.307518642148672
2025-09-17 23:00,9.910567481646195
2025-09-18 00:00,16.604098667758578
2025-09-18 01:00,16.163199333916367
2025-09-18 02:00,8.955102286382719
2025-09-18 03:00,10.00170530010401
2025-09-18 04:00,9.76689480693919
2025-09-18 05:00,8.787653310834918
2025-09-18 06:00,17.439270172395304
2025-09-18 07:00,8.662126282030263
2025-09-18 08:00,9.386846667624788
2025-09-18 09:00,2.8478014975693497
2025-09-18 10:00,1.1104051999484716
2025-09-18 11:00,0.0548751106305152
2025-09-18 12:00,0.8245414566531093
2025-09-18 13:00,0.7998026024709116
2025-09-18 14:00,1.4843718668410022
2025-09-18 15:00,0.6735770197124558
2025-09-18 16:00,0.5427321671965979
2025-09-18 17:00,0.8251983038695445
2025-09-18 18:00,1.5498036178877064
2025-09-18 19:00,0.466243595400623
2025-09-18 20:00,1.1540204733148007
2025-09-18 21:00,1.3979758579617085
2025-09-18 22:00,1.4851939966968537
2025-09-18 23:00,3.779445119356475
2025-09-19 00:00,2.334095701088817
2025-09-19 01:00,3.801286527783903
2025-09-19 02:00,3.0559243675542227
2025-09-19 03:00,3.1931828598150824
2025-09-19 04:00,4.674399920221052
2025-09-19 05:00,1.938271608399099
2025-09-19 06:00,1.8049656388848594
2025-09-19 07:00,3.808103827306412
2025-09-19 08:00,1.7435832857332252
2025-09-19 09:00,1.6438124985071325
2025-09-19 10:00,0.37227533780762745
2025-09-19 11:00,0.774481621597398
2025-09-19 12:00,1.3243655281564626
2025-09-19 13:00,1.923179883545065
2025-09-19 14:00,1.2529283272585126
2025-09-19 15:00,0.5748163346338013
2025-09-19 16:00,1.540341723104279
2025-09-19 17:00,2.9001036072779582
2025-09-19 18:00,5.48414798253181
2025-09-19 19:00,10.274433363350322
2025-09-19 20:00,2.2406833596759976
2025-09-19 21:00,15.782611008054191
2025-09-19 22:00,17.513741886092653
2025-09-19 23:00,11.67275323255347
2025-09-20 00:00,43.79986675418892
2025-09-20 01:00,47.19798101597605
2025-09-20 02:00,43.59369079014418
2025-09-20 03:00,54.43806070291874
2025-09-20 04:00,54.83078955504946
2025-09-20 05:00,55.01579941228662
2025-09-20 06:00,23.986354661002114
2025-09-20 07:00,19.83782901168184
2025-09-20 08:00,10.090717156526845
2025-09-20 09:00,14.826261545395969
2025-09-20 10:00,13.278506470161384
2025-09-20 11:00,13.433854749819105
2025-09-20 12:00,13.129170417624648
2025-09-20 13:00,14.159328584768552
2025-09-20 14:00,11.473737981091075
2025-09-20 15:00,9.712128964689203
2025-09-20 16:00,19.198652713412947
2025-09-20 17:00,23.30421680311862
2025-09-20 18:00,22.699931186300322
2025-09-20 19:00,16.864324731033683
2025-09-20 20:00,9.684899070134884
2025-09-20 21:00,5.857354716431756
2025-09-20 22:00,7.484733698861308
2025-09-20 23:00,6.119468852809337
2025-09-21 00:00,4.890538343442648
2025-09-21 01:00,4.363404668427643
2025-09-21 02:00,4.62228216843325
2025-09-21 03:00,7.990462560568645
2025-09-21 04:00,6.882185447992944
2025-09-21 05:00,5.345176505469192
2025-09-21 06:00,6.650966153364793
2025-09-21 07:00,4.170804031347007
2025-09-21 08:00,5.877910459389953
2025-09-21 09:00,2.2766805996854775
2025-09-21 10:00,2.2179647506230555
2025-09-21 11:00,0.0
2025-09-21 12:00,9.18260822665484
2025-09-21 13:00,2.994613973087785
2025-09-21 14:00,8.373454485506969
2025-09-21 15:00,11.552290668714129
2025-09-21 16:00,14.415992649968267
2025-09-21 17:00,14.769312877881845
2025-09-21 18:00,19.110047245215515
2025-09-21 19:00,17.84230524701646
2025-09-21 20:00,12.74584263008976
2025-09-21 21:00,14.903294298311277
2025-09-21 22:00,7.133038335655699
2025-09-21 23:00,6.039601364909868
2025-09-22 00:00,15.831393595026519
2025-09-22 01:00,6.653593440672891
2025-09-22 02:00,8.574421418711081
2025-09-22 03:00,5.6597009128976445
2025-09-22 04:00,8.362186856239678
2025-09-22 05:00,4.854887446475718
2025-09-22 06:00,3.428796219904564
2025-09-22 07:00,4.177631591447836
2025-09-22 08:00,4.1659382725976215
2025-09-22 09:00,2.598503074654504
2025-09-22 10:00,2.348929820920625
2025-09-22 11:00,3.0712300766712093
2025-09-22 12:00,2.836045097057647
2025-09-22 13:00,0.9907446111460155
2025-09-22 14:00,0.003577483650497684
2025-09-22 15:00,0.5215228599049556
2025-09-22 16:00,1.8086754295536553
2025-09-22 17:00,1.7151503058303914
2025-09-22 18:00,6.0874478027944825
2025-09-22 19:00,5.480445393007446
2025-09-22 20:00,10.011156424963957
2025-09-22 21:00,13.206014920323348
2025-09-22 22:00,13.256169296740925
2025-09-22 23:00,14.30463215930249
2025-09-23 00:00,3.8910861875685017
2025-09-23 01:00,5.122697695580168
2025-09-23 02:00,6.2187389274138445
2025-09-23 03:00,4.980987466660757
2025-09-23 04:00,4.201406501301166
2025-09-23 05:00,4.771876545665053
2025-09-23 06:00,3.4212939926506416
2025-09-23 07:00,2.916384415873503
2025-09-23 08:00,3.3789356385635694
2025-09-23 09:00,3.128141846900299
2025-09-23 10:00,0.4877903720932906
2025-09-23 11:00,2.256322271188888
2025-09-23 12:00,1.6199717370489657
2025-09-23 13:00,1.8657980237156286
2025-09-23 14:00,1.5202252059678034
2025-09-23 15:00,1.8633868462928196
2025-09-23 16:00,1.1277865979172872
2025-09-23 17:00,3.1693968652821427
2025-09-23 18:00,7.377540368629827
2025-09-23 19:00,2.1328378604140745
2025-09-23 20:00,5.363900158829953
2025-09-23 21:00,5.1443768278755675
2025-09-23 22:00,5.4019349670576275
2025-09-23 23:00,10.608629970272135
2025-09-24 00:00,1.9370647585474363
2025-09-24 01:00,2.709239627429497
2025-09-24 02:00,6.208592224017484
2025-09-24 03:00,9.813891131005958
2025-09-24 04:00,7.620675102975636
2025-09-24 05:00,4.487000745805331
2025-09-24 06:00,4.627710948683955
2025-09-24 07:00,4.125619606875537
2025-09-24 08:00,3.7448264152749258
2025-09-24 09:00,1.8968860869714004
2025-09-24 10:00,9.084809952723903
2025-09-24 11:00,20.695963146575465
2025-09-24 12:00,28.36330981233973
2025-09-24 13:00,26.505906172478387
2025-09-24 14:00,29.95980300434057
2025-09-24 15:00,28.243450160508857
2025-09-24 16:00,26.065817732970963
2025-09-24 17:00,26.703972635285766
2025-09-24 18:00,21.00733351103027
2025-09-24 19:00,22.09367267865657
2025-09-24 20:00,23.859269186616274
2025-09-24 21:00,22.40635473176124
2025-09-24 22:00,12.16452227479307
2025-09-24 23:00,7.768042368876927
2025-09-25 00:00,9.267842783291883
2025-09-25 01:00,12.019344416854514
2025-09-25 02:00,9.898030176487229
2025-09-25 03:00,5.288297489140494
2025-09-25 04:00,4.310429564104889
2025-09-25 05:00,2.5022434253020487
2025-09-25 06:00,3.956676768473836
2025-09-25 07:00,12.44370648455422
2025-09-25 08:00,13.73295823992777
2025-09-25 09:00,21.44487390301857
2025-09-25 10:00,11.609486569609631
2025-09-25 11:00,2.3375339751462834
2025-09-25 12:00,4.236230122331955
2025-09-25 13:00,2.203031061789787
2025-09-25 14:00,0.28465299117216336
2025-09-25 15:00,0.6728935560244853
2025-09-25 16:00,0.0
2025-09-25 17:00,0.0
2025-09-25 18:00,1.258814352131023
2025-09-25 19:00,0.4469109692537403
2025-09-25 20:00,1.256440322005004
2025-09-25 21:00,2.03662348390748
2025-09-25 22:00,1.1085136335444488
2025-09-25 23:00,2.1887242498872395
2025-09-26 00:00,2.724553912036936
2025-09-26 01:00,1.9321325122015256
2025-09-26 02:00,3.6648672608700377
2025-09-26 03:00,13.349822097999525
2025-09-26 04:00,8.46129180906407
2025-09-26 05:00,10.678739389648825
2025-09-26 06:00,16.93133395949331
2025-09-26 07:00,11.579911964244939
2025-09-26 08:00,9.49425532858861
2025-09-26 09:00,2.0413458956476034
2025-09-26 10:00,0.8568740092208782
2025-09-26 11:00,0.045089818985811575
2025-09-26 12:00,0.8160392901612581
2025-09-26 13:00,1.2583277241161015
2025-09-26 14:00,2.5539536626496173
2025-09-26 15:00,4.687479645142574
2025-09-26 16:00,5.303582705747769
2025-09-26 17:00,3.231639345973827
2025-09-26 18:00,2.7611557406078324
2025-09-26 19:00,4.4412904675197575
2025-09-26 20:00,5.404822632344537
2025-09-26 21:00,11.013383383261466
2025-09-26 22:00,4.329053622223326
2025-09-26 23:00,4.7676870287424045
2025-09-27 00:00,3.3852335488942233
2025-09-27 01:00,3.5655086940643685
2025-09-27 02:00,3.8181770158534922
2025-09-27 03:00,7.686215583964946
2025-09-27 04:00,2.6412450638972182
2025-09-27 05:00,1.725855121776037
2025-09-27 06:00,1.0655168398697925
2025-09-27 07:00,1.6306843617257587
2025-09-27 08:00,3.7987387705432205
2025-09-27 09:00,1.422625384593653
2025-09-27 10:00,0.8823665499753746
2025-09-27 11:00,7.674100863424835
2025-09-27 12:00,0.0
2025-09-27 13:00,0.0
2025-09-27 14:00,0.0
2025-09-27 15:00,0.0
2025-09-27 16:00,1.9513915847276708
2025-09-27 17:00,2.4170170811839573
2025-09-27 18:00,1.0968533451022286
2025-09-27 19:00,1.2154138691561966
2025-09-27 20:00,1.0153661676869263
2025-09-27 21:00,1.1144835504800144
2025-09-27 22:00,0.9469944556385474
2025-09-27 23:00,0.7431594857467738
2025-09-28 00:00,1.0439935109605287
2025-09-28 01:00,0.4376196429379533
2025-09-28 02:00,1.8682542383022356
2025-09-28 03:00,2.432992854798233
2025-09-28 04:00,2.523966014109835
2025-09-28 05:00,8.657540986895397
2025-09-28 06:00,11.030045213629087
2025-09-28 07:00,10.24313164167099
2025-09-28 08:00,16.905575068684975
2025-09-28 09:00,33.339147431770215
2025-09-28 10:00,31.37413000414319
2025-09-28 11:00,20.75393154861491
2025-09-28 12:00,30.955231074864717
2025-09-28 13:00,24.20450316004316
2025-09-28 14:00,22.349276756428566
2025-09-28 15:00,14.74777757349609
2025-09-28 16:00,7.683066381660421
2025-09-28 17:00,4.089062539303624
2025-09-28 18:00,8.129087662107024
2025-09-28 19:00,7.107553972147634
2025-09-28 20:00,6.166824575188187
2025-09-28 21:00,6.961945642730128
2025-09-28 22:00,16.024499955744382
2025-09-28 23:00,8.963301779989308
2025-09-29 00:00,2.881181499223658
2025-09-29 01:00,3.3520373960670917
2025-09-29 02:00,2.8877022878941565
2025-09-29 03:00,8.914481850893154
2025-09-29 04:00,14.271151894282259
2025-09-29 05:00,9.05104258571739
2025-09-29 06:00,7.389780211235396
2025-09-29 07:00,9.612114535049448
2025-09-29 08:00,5.11189833619291
2025-09-29 09:00,6.113614058913726
2025-09-29 10:00,2.8554892103583582
2025-09-29 11:00,1.600221964745058
2025-09-29 12:00,0.4238167202229637
2025-09-29 13:00,0.7985954792788248
2025-09-29 14:00,1.5026876168400194
2025-09-29 15:00,1.4935873956399341
2025-09-29 16:00,0.9934376378576587
2025-09-29 17:00,1.1089421820309655
2025-09-29 18:00,1.6520587128278403
2025-09-29 19:00,1.4136300680899279
2025-09-29 20:00,3.2870450751762363
2025-09-29 21:00,1.6949677298493548
2025-09-29 22:00,3.071469334055811
2025-09-29 23:00,2.1924686324576212
2025-09-30 00:00,2.665159749697034
2025-09-30 01:00,2.2262374767358994
2025-09-30 02:00,2.020999613336232
2025-09-30 03:00,1.1171533682573465
2025-09-30 04:00,1.8943666297167017
2025-09-30 05:00,1.9660955222410705
2025-09-30 06:00,2.1580645043723345
2025-09-30 07:00,3.1592183873476847
2025-09-30 08:00,0.8413872931400133
2025-09-30 09:00,0.0
2025-09-30 10:00,0.5762317124257891
2025-09-30 11:00,0.48547147013406877
2025-09-30 12:00,0.2847203566952473
2025-09-30 13:00,0.4279581881458946
2025-09-30 14:00,0.5736785582190536
2025-09-30 15:00,1.0156579857174146
2025-09-30 16:00,1.9564844734636089
2025-09-30 17:00,7.33732990188534
2025-09-30 18:00,5.814566285745004
2025-09-30 19:00,6.068543745328132
2025-09-30 20:00,4.603482819347734
2025-09-30 21:00,5.099405274740591
2025-09-30 22:00,4.727395105705217
2025-09-30 23:00,5.341474542392222
2025-10-01 00:00,7.767073575726291
2025-10-01 01:00,8.733466378187405
2025-10-01 02:00,8.324373493162115
2025-10-01 03:00,11.710115223196043
2025-10-01 04:00,8.512054585360024
2025-10-01 05:00,7.542090552728316
2025-10-01 06:00,5.735587894260151
2025-10-01 07:00,3.1767974376558974
2025-10-01 08:00,1.8902079117748993
2025-10-01 09:00,2.6595690888965127
2025-10-01 10:00,2.76458971023573
2025-10-01 11:00,1.9037655815843981
2025-10-01 12:00,1.9319573222109265
2025-10-01 13:00,1.2654905386439554
2025-10-01 14:00,1.5559675534895354
2025-10-01 15:00,3.009764304605802
2025-10-01 16:00,3.0989006296145845
2025-10-01 17:00,6.461057191667241
2025-10-01 18:00,6.37508468790686
2025-10-01 19:00,6.1849180673790265
2025-10-01 20:00,7.207881267910327
2025-10-01 21:00,6.183373805088063
2025-10-01 22:00,5.271990123159085
2025-10-01 23:00,3.5231149546075526
2025-10-02 00:00,2.7873051604814245
2025-10-02 01:00,3.8788136698535642
2025-10-02 02:00,4.989912738208552
2025-10-02 03:00,4.272595111037224
2025-10-02 04:00,4.013158568477273
2025-10-02 05:00,1.9525357973742388
2025-10-02 06:00,2.9953370245871715
2025-10-02 07:00,2.5143809586253476
2025-10-02 08:00,2.4964749282141137
2025-10-02 09:00,0.9562284510757109
2025-10-02 10:00,1.536079956189906
2025-10-02 11:00,0.7339473366461156
2025-10-02 12:00,1.893280419272755
2025-10-02 13:00,0.714788152281769
2025-10-02 14:00,0.34028414601732826
2025-10-02 15:00,0.4394073018343274
2025-10-02 16:00,0.49031109296668274
2025-10-02 17:00,1.092789948454861
2025-10-02 18:00,0.8114085561081135
2025-10-02 19:00,1.6419139322140297
2025-10-02 20:00,1.8280491627046542
2025-10-02 21:00,5.044851314331493
2025-10-02 22:00,5.52648302212461
2025-10-02 23:00,12.517943728313464
2025-10-03 00:00,2.7714914571465825
2025-10-03 01:00,2.728841166840949
2025-10-03 02:00,5.598551656039978
2025-10-03 03:00,3.772378742409144
2025-10-03 04:00,10.132996769353461
2025-10-03 05:00,6.578365426907877
2025-10-03 06:00,5.1316013388809205
2025-10-03 07:00,13.760635556560285
2025-10-03 08:00,7.3932540275056535
2025-10-03 09:00,3.935437110944515
2025-10-03 10:00,10.295853763147916
2025-10-03 11:00,15.864656429497536
2025-10-03 12:00,14.39142520740112
2025-10-03 13:00,18.926527201181834
2025-10-03 14:00,18.56367691095224
2025-10-03 15:00,24.108803211301186
2025-10-03 16:00,15.308455868617576
2025-10-03 17:00,16.677474607614315
2025-10-03 18:00,15.129872261550368
2025-10-03 19:00,15.283839076714104
2025-10-03 20:00,14.363552919485294
2025-10-03 21:00,30.87416898849044
2025-10-03 22:00,30.548646179415016
2025-10-03 23:00,27.149384474618895
2025-10-04 00:00,3.4723822105658657
2025-10-04 01:00,2.354769448692153
2025-10-04 02:00,1.8548131182339542
2025-10-04 03:00,4.023195673203734
2025-10-04 04:00,6.867856208103119
2025-10-04 05:00,3.4956542521265437
2025-10-04 06:00,2.2142415105105644
2025-10-04 07:00,2.210016376007265
2025-10-04 08:00,3.2600021796115564
2025-10-04 09:00,3.4761730619575855
2025-10-04 10:00,14.651729285883
2025-10-04 11:00,11.310183865258857
2025-10-04 12:00,8.036007641549928
2025-10-04 13:00,1.3326453619881133
2025-10-04 14:00,3.061080518594023
2025-10-04 15:00,4.238814554320209
2025-10-04 16:00,3.1154185615069334
2025-10-04 17:00,5.760836068371914
2025-10-04 18:00,3.659409392974135
2025-10-04 19:00,2.4760054347039624
2025-10-04 20:00,3.0371081456398605
2025-10-04 21:00,3.4260370636911652
2025-10-04 22:00,2.724413694311478
2025-10-04 23:00,2.9305160181884387
2025-10-05 00:00,5.323039870323797
2025-10-05 01:00,3.034807046895536
2025-10-05 02:00,2.3405622801709365
2025-10-05 03:00,1.628644864506131
2025-10-05 04:00,2.2462959390520347
2025-10-05 05:00,3.772229726914415
2025-10-05 06:00,2.0356910302534064
2025-10-05 07:00,2.133559264013926
2025-10-05 08:00,0.9269425729522678
2025-10-05 09:00,3.1013670974764613
2025-10-05 10:00,2.590115725516833
2025-10-05 11:00,0.8536010076136655
2025-10-05 12:00,0.9808471176306035
2025-10-05 13:00,1.7083395277630897
2025-10-05 14:00,1.2267569323120915
2025-10-05 15:00,1.0835069284331271
2025-10-05 16:00,3.066592519539339
2025-10-05 17:00,4.2905518883902936
2025-10-05 18:00,2.732044444538464
2025-10-05 19:00,2.0101823418400078
2025-10-05 20:00,0.9777327191344263
2025-10-05 21:00,2.0181120812529
2025-10-05 22:00,0.7384678702666359
2025-10-05 23:00,0.9483248552738865
2025-10-06 00:00,1.330796726187895
2025-10-06 01:00,1.4018865757336507
2025-10-06 02:00,1.2336668528459729
2025-10-06 03:00,1.7558304131929416
2025-10-06 04:00,3.3796076414069596
2025-10-06 05:00,1.5946804909612076
2025-10-06 06:00,1.2679160429028455
2025-10-06 07:00,2.999427090000853
2025-10-06 08:00,1.6098604433807036
2025-10-06 09:00,7.811020964242431
2025-10-06 10:00,10.2632727596088
2025-10-06 11:00,14.888893988059248
2025-10-06 12:00,18.424245965172737
2025-10-06 13:00,18.333813457726322
2025-10-06 14:00,11.720835241992658
2025-10-06 15:00,9.205319098833963
2025-10-06 16:00,5.65372092885535
2025-10-06 17:00,10.008968177446917
2025-10-06 18:00,12.117197669753978
2025-10-06 19:00,29.855077959450476
2025-10-06 20:00,37.88377877688655
2025-10-06 21:00,43.893660081116906
2025-10-06 22:00,46.19923325722815
2025-10-06 23:00,34.24212038876515
2025-10-07 00:00,42.01593128950398
2025-10-07 01:00,42.41500286876045
2025-10-07 02:00,44.431710645056796
2025-10-07 03:00,34.95585431106525
2025-10-07 04:00,30.848373756325124
2025-10-07 05:00,30.85387709943882
2025-10-07 06:00,32.400843567447716
2025-10-07 07:00,25.290917320828843
2025-10-07 08:00,11.058956065941482
2025-10-07 09:00,4.330259913882216
2025-10-07 10:00,2.6938601879911817
2025-10-07 11:00,3.5782712057164385
2025-10-07 12:00,4.123990798873932
2025-10-07 13:00,3.7875599259258754
2025-10-07 14:00,2.4718713751957524
2025-10-07 15:00,18.920454227468568
2025-10-07 16:00,12.178508398670996
2025-10-07 17:00,11.93921120933864
2025-10-07 18:00,13.075325306918817
2025-10-07 19:00,16.143066214386742
2025-10-07 20:00,12.28888899228007
2025-10-07 21:00,5.215205487044249
2025-10-07 22:00,4.16470936583644
2025-10-07 23:00,1.2815104387326772
2025-10-08 00:00,3.000800217115585
2025-10-08 01:00,4.008681743579488
2025-10-08 02:00,6.495695080905378
2025-10-08 03:00,8.11589565743691
2025-10-08 04:00,6.633492819207259
2025-10-08 05:00,7.73488047299049
2025-10-08 06:00,7.765941785810614
2025-10-08 07:00,10.278658378173105
2025-10-08 08:00,14.21763269939639
2025-10-08 09:00,13.342231288454833
2025-10-08 10:00,8.334237128624476
2025-10-08 11:00,5.115716441330122
2025-10-08 12:00,2.1255446508477767
2025-10-08 13:00,6.200657722505848
2025-10-08 14:00,10.43227695473076
2025-10-08 15:00,13.546419166603105
2025-10-08 16:00,13.8162503220446
2025-10-08 17:00,16.507683108356638
2025-10-08 18:00,7.3856424514278105
2025-10-08 19:00,4.008322596864566
2025-10-08 20:00,3.166850545432422
2025-10-08 21:00,7.489136272970221
2025-10-08 22:00,2.0584817917245353
2025-10-08 23:00,3.251616639696864
2025-10-09 00:00,5.744735316130167
2025-10-09 01:00,3.3850932139378997
2025-10-09 02:00,4.362535980515291
2025-10-09 03:00,7.244608968845743
2025-10-09 04:00,5.745393264511855
2025-10-09 05:00,7.074154436570126
2025-10-09 06:00,6.788099635239493
2025-10-09 07:00,5.880926377472432
2025-10-09 08:00,4.083553475220722
2025-10-09 09:00,7.465991846504995
2025-10-09 10:00,5.707174006531259
2025-10-09 11:00,4.484217395174068
2025-10-09 12:00,2.286685760945385
2025-10-09 13:00,0.6762831239890503
2025-10-09 14:00,0.20045934861264497
2025-10-09 15:00,0.9379161196472152
2025-10-09 16:00,0.2786967652988196
2025-10-09 17:00,1.064164288535905
2025-10-09 18:00,1.625032128752103
2025-10-09 19:00,3.1845692890044996
2025-10-09 20:00,17.933739363600512
2025-10-09 21:00,19.013895992217552
2025-10-09 22:00,6.082364159131431
2025-10-09 23:00,8.24146293429982
2025-10-10 00:00,10.117359381558142
2025-10-10 01:00,7.483013368451846
2025-10-10 02:00,9.735847574285282
2025-10-10 03:00,12.808478625349338
2025-10-10 04:00,7.92194680504312
2025-10-10 05:00,5.14891698821977
2025-10-10 06:00,4.377472285673456
2025-10-10 07:00,4.27361653906207
2025-10-10 08:00,3.826603984444298
2025-10-10 09:00,3.4229994238000723
2025-10-10 10:00,1.194696341241014
2025-10-10 11:00,0.0
2025-10-10 12:00,0.012762620693673482
2025-10-10 13:00,0.41016844692991944
2025-10-10 14:00,0.6701171925432492
2025-10-10 15:00,1.5082472234719075
2025-10-10 16:00,2.8885392540985007
2025-10-10 17:00,3.4891515890275455
2025-10-10 18:00,5.419099518783403
2025-10-10 19:00,4.701247654280791
2025-10-10 20:00,3.1730340838406477
2025-10-10 21:00,3.8743425310791193
2025-10-10 22:00,6.194508423209997
2025-10-10 23:00,3.409400820240174
2025-10-11 00:00,5.8628664912508315
2025-10-11 01:00,2.399069375347568
2025-10-11 02:00,3.3895816080746024
2025-10-11 03:00,1.6245701509593515
2025-10-11 04:00,2.593154342390123
2025-10-11 05:00,3.1014044274180526
2025-10-11 06:00,1.966822843852181
2025-10-11 07:00,1.8728749158927802
2025-10-11 08:00,3.6716181836253443
2025-10-11 09:00,2.3343384531742952
2025-10-11 10:00,1.9763977961502497
2025-10-11 11:00,0.7923410411471927
2025-10-11 12:00,1.004975155696234
2025-10-11 13:00,1.733962205612056
2025-10-11 14:00,1.3399680223708814
2025-10-11 15:00,3.2142586565777918
2025-10-11 16:00,1.7272951321483436
2025-10-11 17:00,3.419744813933585
2025-10-11 18:00,2.5440772490192227
2025-10-11 19:00,3.6119634642855374
2025-10-11 20:00,3.151550715923222
2025-10-11 21:00,11.772703277592615
2025-10-11 22:00,2.7700607151205423
2025-10-11 23:00,2.3343330662176682
2025-10-12 00:00,2.577947849344283
2025-10-12 01:00,2.337907481741223
2025-10-12 02:00,2.0249091114222937
2025-10-12 03:00,7.963010187502472
2025-10-12 04:00,3.3348789822239833
2025-10-12 05:00,6.778988802877132
2025-10-12 06:00,7.45630494241002
2025-10-12 07:00,9.212841840028155
2025-10-12 08:00,9.056638877412222
2025-10-12 09:00,7.886438154035281
2025-10-12 10:00,5.72563073393455
2025-10-12 11:00,4.279377018288093
2025-10-12 12:00,4.340955698532991
2025-10-12 13:00,5.069979107854812
2025-10-12 14:00,4.60586788580833
2025-10-12 15:00,4.829150884091777
2025-10-12 16:00,4.4086951672573695
2025-10-12 17:00,5.382526826306034
2025-10-12 18:00,3.262166911173125
2025-10-12 19:00,4.960341899336612
2025-10-12 20:00,3.9072812140903324
2025-10-12 21:00,7.8677268866461665
2025-10-12 22:00,3.98724229651333
2025-10-12 23:00,4.210574621967261
2025-10-13 00:00,6.278054963831974
2025-10-13 01:00,7.2333449568005
2025-10-13 02:00,2.5380825254561383
2025-10-13 03:00,3.946856085792952
2025-10-13 04:00,4.058538931389845
2025-10-13 05:00,2.7120704271467293
2025-10-13 06:00,2.926465836050542
2025-10-13 07:00,3.2224799204524857
2025-10-13 08:00,5.122965179205881
2025-10-13 09:00,2.7351617748862433
2025-10-13 10:00,14.264274868934155
2025-10-13 11:00,11.814330288289115
2025-10-13 12:00,9.833530174070956
2025-10-13 13:00,17.409387428037597
2025-10-13 14:00,22.892980762394494
2025-10-13 15:00,24.46934500924538
2025-10-13 16:00,40.62356709248924
2025-10-13 17:00,38.838020850266155
2025-10-13 18:00,35.37505484461601
2025-10-13 19:00,17.340528034014664
2025-10-13 20:00,11.5854489450032
2025-10-13 21:00,7.365995278679815
2025-10-13 22:00,6.171075294725648
2025-10-13 23:00,10.140859372935877
2025-10-14 00:00,7.839943648866928
2025-10-14 01:00,13.325357016915078
2025-10-14 02:00,14.737964763654135
2025-10-14 03:00,16.045616743687777
2025-10-14 04:00,14.218227357038339
2025-10-14 05:00,10.355475969619379
2025-10-14 06:00,8.959635151413654
2025-10-14 07:00,9.403981166584085
2025-10-14 08:00,8.13897245295892
2025-10-14 09:00,5.6078386135221345
2025-10-14 10:00,3.7696335423885174
2025-10-14 11:00,2.122796398855247
2025-10-14 12:00,2.4765108954184294
2025-10-14 13:00,2.0132202766900855
2025-10-14 14:00,1.3075636097821741
2025-10-14 15:00,2.3316227566902694
2025-10-14 16:00,1.5880818554310956
2025-10-14 17:00,1.612850659825288
2025-10-14 18:00,2.2613711232412843
2025-10-14 19:00,1.9042543770232436
2025-10-14 20:00,2.2712399034058466
2025-10-14 21:00,3.0414624680916553
2025-10-14 22:00,4.9306306300814615
2025-10-14 23:00,6.5108968223366785
2025-10-15 00:00,5.803289037124572
2025-10-15 01:00,4.47351414018785
2025-10-15 02:00,5.56207019861516
2025-10-15 03:00,7.80549437401047
2025-10-15 04:00,7.7234997546301445
2025-10-15 05:00,6.882869615881471
2025-10-15 06:00,9.148490006558006
2025-10-15 07:00,6.702911876748384
2025-10-15 08:00,4.428814632770965
2025-10-15 09:00,1.9072956077478271
2025-10-15 10:00,2.2237446573421447
2025-10-15 11:00,1.9900726495406127
2025-10-15 12:00,2.91625923681627
2025-10-15 13:00,2.017794032324461
2025-10-15 14:00,1.6597516364989189
2025-10-15 15:00,2.3408416923649593
2025-10-15 16:00,3.5823072761598977
2025-10-15 17:00,1.9348240987042138
2025-10-15 18:00,12.371794213568805
2025-10-15 19:00,9.786658420977126
2025-10-15 20:00,7.878710955789028
2025-10-15 21:00,13.066107496814332
2025-10-15 22:00,14.68347785592088
2025-10-15 23:00,15.932655985949573
2025-10-16 00:00,36.80892408986375
2025-10-16 01:00,42.741034918014265
2025-10-16 02:00,46.98974408069757
2025-10-16 03:00,39.304243065563725
2025-10-16 04:00,34.20892328730724
2025-10-16 05:00,41.84028305815441
2025-10-16 06:00,36.55859886314387
2025-10-16 07:00,19.526387628981755
2025-10-16 08:00,11.301314961745977
2025-10-16 09:00,10.996787364923797
2025-10-16 10:00,13.997616604131563
2025-10-16 11:00,5.88317585917496
2025-10-16 12:00,7.24151188430363
2025-10-16 13:00,12.73617339864982
2025-10-16 14:00,16.2663584629366
2025-10-16 15:00,24.27058253091265
2025-10-16 16:00,25.36195437313704
2025-10-16 17:00,23.224433375060798
2025-10-16 18:00,11.875628027424089
2025-10-16 19:00,10.650412526523947
2025-10-16 20:00,8.068079675932951
2025-10-16 21:00,8.794375734915965
2025-10-16 22:00,11.320255944195727
2025-10-16 23:00,9.789447705358818
2025-10-17 00:00,11.159239893115219
2025-10-17 01:00,10.957565708716675
2025-10-17 02:00,7.176266507938196
2025-10-17 03:00,6.719024486322628
2025-10-17 04:00,8.598654050699693
2025-10-17 05:00,8.04205487293741
2025-10-17 06:00,8.333989215714439
2025-10-17 07:00,7.621932467101201
2025-10-17 08:00,6.316768739336039
2025-10-17 09:00,3.463813805930219
2025-10-17 10:00,2.609954816788723
2025-10-17 11:00,1.9615077871909665
2025-10-17 12:00,0.897262108639984
2025-10-17 13:00,1.026156231239283
2025-10-17 14:00,1.7103561729214156
2025-10-17 15:00,2.4973826881059304
2025-10-17 16:00,5.428344236224334
2025-10-17 17:00,6.324623593157557
2025-10-17 18:00,9.58505611786847
2025-10-17 19:00,13.963370811524102
2025-10-17 20:00,7.621053536672839
2025-10-17 21:00,2.7919712896768485
2025-10-17 22:00,28.841300977858758
2025-10-17 23:00,31.24520524012061
2025-10-18 00:00,3.3399558343862052
2025-10-18 01:00,14.490382644593124
2025-10-18 02:00,26.469405701855987
2025-10-18 03:00,42.65492493844043
2025-10-18 04:00,34.46455765592715
2025-10-18 05:00,13.407800180262285
2025-10-18 06:00,24.46680457316483
2025-10-18 07:00,36.55428645946499
2025-10-18 08:00,27.843081449919126
2025-10-18 09:00,14.742847835303765
2025-10-18 10:00,18.300434336195156
2025-10-18 11:00,33.817694523213945
2025-10-18 12:00,41.86511344274418
2025-10-18 13:00,44.171775345775934
2025-10-18 14:00,39.04922230416437
2025-10-18 15:00,32.91604489883535
2025-10-18 16:00,25.391278040341533
2025-10-18 17:00,19.459350123809656
2025-10-18 18:00,24.33192655032935
2025-10-18 19:00,27.018149762230887
2025-10-18 20:00,23.889824993750832
2025-10-18 21:00,12.7632168742815
2025-10-18 22:00,14.134501095256287
2025-10-18 23:00,10.971088996979415
2025-10-19 00:00,11.65704416336541
2025-10-19 01:00,10.966085651450873
2025-10-19 02:00,8.887825258265163
2025-10-19 03:00,5.560132690943103
2025-10-19 04:00,5.41733105727755
2025-10-19 05:00,8.068498028967586
2025-10-19 06:00,8.227923400067144
2025-10-19 07:00,6.129057833809243
2025-10-19 08:00,5.22818536523574
2025-10-19 09:00,0.9388100138021342
2025-10-19 10:00,3.573492188774007
2025-10-19 11:00,3.3357839118572326
2025-10-19 12:00,2.4675952089238207
2025-10-19 13:00,5.328997833548263
2025-10-19 14:00,14.388716254438304
2025-10-19 15:00,15.782908652978344
2025-10-19 16:00,22.859736259022586
2025-10-19 17:00,23.573076079087073
2025-10-19 18:00,27.902076165432085
2025-10-19 19:00,54.662861573862514
2025-10-19 20:00,61.64631143740896
2025-10-19 21:00,65.36318942534994
2025-10-19 22:00,61.76036884230396
2025-10-19 23:00,55.62663883394036
2025-10-20 00:00,55.39749981335694
2025-10-20 01:00,57.62225583582479
2025-10-20 02:00,65.32593063224009
2025-10-20 03:00,56.50105080045263
2025-10-20 04:00,54.52731657967823
2025-10-20 05:00,62.65204858239281
2025-10-20 06:00,45.51249308323562
2025-10-20 07:00,38.92238659639993
2025-10-20 08:00,49.93313000815782
2025-10-20 09:00,43.47419146821064
2025-10-20 10:00,28.574437884978252
2025-10-20 11:00,21.05596786156965
2025-10-20 12:00,20.719405878810925
2025-10-20 13:00,22.246845631777774
2025-10-20 14:00,23.70072607082062
2025-10-20 15:00,25.436683172011513
2025-10-20 16:00,27.32603972411514
2025-10-20 17:00,28.233761137091335
2025-10-20 18:00,37.086129758881874
2025-10-20 19:00,55.333035097482615
2025-10-20 20:00,43.56320983591233
2025-10-20 21:00,38.91705047668915
2025-10-20 22:00,32.91918036273345
2025-10-20 23:00,32.20524748517729
2025-10-21 00:00,30.844607709899638
2025-10-21 01:00,26.516288428214573
2025-10-21 02:00,23.646228404516613
2025-10-21 03:00,26.611292596900686
2025-10-21 04:00,25.56185897360903
2025-10-21 05:00,22.88368409819791
2025-10-21 06:00,24.289285846070086
2025-10-21 07:00,25.407340811419303
2025-10-21 08:00,29.41426977542536
2025-10-21 09:00,19.908126200297627
2025-10-21 10:00,15.893252507509052
2025-10-21 11:00,12.624557770841069
2025-10-21 12:00,11.67757956194199
2025-10-21 13:00,15.210433260747235
2025-10-21 14:00,26.921958150407182
2025-10-21 15:00,28.98585489979343
2025-10-21 16:00,30.432229797559785
2025-10-21 17:00,28.96370051223262
2025-10-21 18:00,37.94273897482936
2025-10-21 19:00,50.46965290907664
2025-10-21 20:00,45.805007248808195
2025-10-21 21:00,37.46419267527726
2025-10-21 22:00,35.9687968273828
2025-10-21 23:00,31.166735704990185
2025-10-22 00:00,21.403690554045408
2025-10-22 01:00,22.016616582813562
2025-10-22 02:00,20.26037664556431
2025-10-22 03:00,14.607310842298475
2025-10-22 04:00,13.529398009807508
2025-10-22 05:00,14.600528616943532
2025-10-22 06:00,17.34821240389053
2025-10-22 07:00,15.545974582018975
2025-10-22 08:00,15.35962833752569
2025-10-22 09:00,13.558613683080747
2025-10-22 10:00,9.039695682109393
2025-10-22 11:00,2.9919206508761214
2025-10-22 12:00,1.0986931706455518
2025-10-22 13:00,1.518730738519814
2025-10-22 14:00,3.5610607156257084
2025-10-22 15:00,5.53700616994152
2025-10-22 16:00,6.746464172897197
2025-10-22 17:00,6.499557615218159
2025-10-22 18:00,9.814420069864791
2025-10-22 19:00,20.48683786510842
2025-10-22 20:00,17.80411546707179
2025-10-22 21:00,12.51865277166298
2025-10-22 22:00,7.678640758468449
2025-10-22 23:00,3.720029516599884
2025-10-23 00:00,5.593471751590882
2025-10-23 01:00,4.005867006052991
2025-10-23 02:00,9.469683296442234
2025-10-23 03:00,5.928618154289006
2025-10-23 04:00,7.064414869786212
2025-10-23 05:00,7.9422604433890545
2025-10-23 06:00,4.992910449045823
2025-10-23 07:00,4.905690250700648
2025-10-23 08:00,3.1335494176657455
2025-10-23 09:00,1.2531432555825224
2025-10-23 10:00,0.31919033531417074
2025-10-23 11:00,0.5089356166418935
2025-10-23 12:00,0.3473826742274708
2025-10-23 13:00,1.7420444603503902
2025-10-23 14:00,4.293550122797513
2025-10-23 15:00,5.289006718166592
2025-10-23 16:00,6.102673096024274
2025-10-23 17:00,5.987257366410967
2025-10-23 18:00,9.36126909639692
2025-10-23 19:00,11.207208911463937
2025-10-23 20:00,22.560705024711776
2025-10-23 21:00,23.194423788814586
2025-10-23 22:00,8.309006128462809
2025-10-23 23:00,6.285859810104144
2025-10-24 00:00,11.19451863582259
2025-10-24 01:00,13.975874245044391
2025-10-24 02:00,11.330552722958892
2025-10-24 03:00,13.509608065860062
2025-10-24 04:00,18.130713593171237
2025-10-24 05:00,14.912580518111795
2025-10-24 06:00,12.871125046514125
2025-10-24 07:00,9.504380994618021
2025-10-24 08:00,11.537620453276615
2025-10-24 09:00,9.194396572263555
2025-10-24 10:00,5.738583916408036
2025-10-24 11:00,1.8011903463189038
2025-10-24 12:00,0.8844836984546878
2025-10-24 13:00,1.5771786085881307
2025-10-24 14:00,1.8162767560028912
2025-10-24 15:00,3.7238410565646767
2025-10-24 16:00,6.082616078285393
2025-10-24 17:00,11.313347935262165
2025-10-24 18:00,8.931588214193109
2025-10-24 19:00,9.806480603375295
2025-10-24 20:00,10.897627325610738
2025-10-24 21:00,11.204375641938045
2025-10-24 22:00,8.054612526177763
2025-10-24 23:00,5.560014494649117
2025-10-25 00:00,2.593295293142038
2025-10-25 01:00,3.2496441369749025
2025-10-25 02:00,11.447195991820701
2025-10-25 03:00,4.061469909453162
2025-10-25 04:00,4.320154912723277
2025-10-25 05:00,9.082546542799806
2025-10-25 06:00,8.538876463629549
2025-10-25 07:00,7.208656911895643
2025-10-25 08:00,12.385725929499763
2025-10-25 09:00,7.10929518311777
2025-10-25 10:00,8.001451341482912
2025-10-25 11:00,3.894972502218867
2025-10-25 12:00,6.202387392732735
2025-10-25 13:00,9.866943469127376
2025-10-25 14:00,11.981937537594476
2025-10-25 15:00,7.648732734959502
2025-10-25 16:00,10.746399947394394
2025-10-25 17:00,9.566102751930638
2025-10-25 18:00,16.864251194642126
2025-10-25 19:00,21.206351524930106
2025-10-25 20:00,37.8537944766785
2025-10-25 21:00,29.706967809507358
2025-10-25 22:00,19.90190831233405
2025-10-25 23:00,16.764936680937936
2025-10-26 00:00,16.502352978030956
2025-10-26 01:00,20.75460859004795
2025-10-26 02:00,18.11546661525476
2025-10-26 03:00,17.500693327154057
2025-10-26 04:00,22.17991660290991
2025-10-26 05:00,32.31273816515224
2025-10-26 06:00,25.374017287035993
2025-10-26 07:00,20.026601284287253
2025-10-26 08:00,22.772032890236936
2025-10-26 09:00,19.95797783113439
2025-10-26 10:00,17.403993924134895
2025-10-26 11:00,9.736458904402248
2025-10-26 12:00,11.14535889014427
2025-10-26 13:00,17.427863961644565
2025-10-26 14:00,22.38034748657404
2025-10-26 15:00,20.114332462583818
2025-10-26 16:00,24.077205238640683
2025-10-26 17:00,26.3442351193137
2025-10-26 18:00,25.743939088162747
2025-10-26 19:00,29.47056400585003
2025-10-26 20:00,31.233418812883066
2025-10-26 21:00,38.13017449921192
2025-10-26 22:00,14.22745068334147
2025-10-26 23:00,17.01453068598298
2025-10-27 00:00,27.357625702882334
2025-10-27 01:00,50.64293767192598
2025-10-27 02:00,73.2719094031647
2025-10-27 03:00,67.43659882488186
2025-10-27 04:00,72.42072382215107
2025-10-27 05:00,69.40558692168702
2025-10-27 06:00,74.48011308720207
2025-10-27 07:00,59.53691704401441
2025-10-27 08:00,67.79245813727576
2025-10-27 09:00,57.61524611574031
2025-10-27 10:00,43.47303464453395
2025-10-27 11:00,16.513040382298552
2025-10-27 12:00,11.335133837686167
2025-10-27 13:00,26.12634899487228
2025-10-27 14:00,34.564481537409385
2025-10-27 15:00,41.56365140861544
2025-10-27 16:00,42.43380345125644
2025-10-27 17:00,37.74639672548648
2025-10-27 18:00,33.053124804065966
2025-10-27 19:00,39.06227980823613
2025-10-27 20:00,34.26700069108949
2025-10-27 21:00,42.77221496722914
2025-10-27 22:00,36.09840837720959
2025-10-27 23:00,39.74232087954206
2025-10-28 00:00,20.32185455627686
2025-10-28 01:00,22.117780539187894
2025-10-28 02:00,30.636114807223542
2025-10-28 03:00,36.54773351319507
2025-10-28 04:00,34.79002993298644
2025-10-28 05:00,26.49656888942169
2025-10-28 06:00,18.228733206617182
2025-10-28 07:00,29.768559083290803
2025-10-28 08:00,25.500974088150148
2025-10-28 09:00,17.251300425348823
2025-10-28 10:00,12.648761937911207
2025-10-28 11:00,12.485925618689553
2025-10-28 12:00,14.014511099668757
2025-10-28 13:00,15.145114096849209
2025-10-28 14:00,14.698591803713736
2025-10-28 15:00,12.811740746874456
2025-10-28 16:00,10.536586522835048
2025-10-28 17:00,8.083917048672642
2025-10-28 18:00,7.260309677784543
2025-10-28 19:00,6.5592977977868685
2025-10-28 20:00,3.856485361095718
2025-10-28 21:00,5.054101970002057
2025-10-28 22:00,6.191664489892006
2025-10-28 23:00,6.549105479503185
2025-10-29 00:00,9.805260132918567
2025-10-29 01:00,8.800380934350596
2025-10-29 02:00,6.696002601617262
2025-10-29 03:00,10.821537788343274
2025-10-29 04:00,14.22652787284848
2025-10-29 05:00,12.750972606319284
2025-10-29 06:00,10.826659674482634
2025-10-29 07:00,13.446634393405745
2025-10-29 08:00,5.54177654634354
2025-10-29 09:00,5.833142155457904
2025-10-29 10:00,4.069369285897526
2025-10-29 11:00,2.549545344872427
2025-10-29 12:00,1.7470130637724421
2025-10-29 13:00,1.7341605307808785
2025-10-29 14:00,0.6854081385712932
2025-10-29 15:00,0.3955794005137853
2025-10-29 16:00,1.8595111168253795
2025-10-29 17:00,9.178725800555519
2025-10-29 18:00,18.237855809007552
2025-10-29 19:00,15.140263825115921
2025-10-29 20:00,7.034731532217341
2025-10-29 21:00,4.931704921444875
2025-10-29 22:00,3.3185773418850886
2025-10-29 23:00,5.401289932207684
2025-10-30 00:00,7.197655870086604
2025-10-30 01:00,4.344806971310104
2025-10-30 02:00,4.213636288514547
2025-10-30 03:00,4.551363502748476
2025-10-30 04:00,5.120325834942969
2025-10-30 05:00,7.186630118829127
2025-10-30 06:00,6.000996397642887
2025-10-30 07:00,1.8029025902209646
2025-10-30 08:00,4.545603498187091
2025-10-30 09:00,5.113128477598336
2025-10-30 10:00,3.479390098983857
2025-10-30 11:00,0.03308287733805093
2025-10-30 12:00,0.7820967126527494
2025-10-30 13:00,0.9800125874221282
2025-10-30 14:00,0.19405690887493798
2025-10-30 15:00,1.475289492316063
2025-10-30 16:00,2.571958765827963
2025-10-30 17:00,4.1706288332434776
2025-10-30 18:00,5.134683892995429
2025-10-30 19:00,7.7061402235749465
2025-10-30 20:00,12.16649370955391
2025-10-30 21:00,10.985732692055226
2025-10-30 22:00,6.234603911171798
2025-10-30 23:00,4.4415478189740405
2025-10-31 00:00,20.4089010804022
2025-10-31 01:00,18.446527770131077
2025-10-31 02:00,14.147715510593716
2025-10-31 03:00,14.389770111644683
2025-10-31 04:00,15.185081111805172
2025-10-31 05:00,19.37819554346342
2025-10-31 06:00,18.120972138190773
2025-10-31 07:00,18.447468025948684
2025-10-31 08:00,15.194482579122116
2025-10-31 09:00,9.60328036876163
2025-10-31 10:00,5.633572426027745
2025-10-31 11:00,3.377483939863566
2025-10-31 12:00,1.6530140445377792
2025-10-31 13:00,0.5805895559722017
2025-10-31 14:00,3.3127699800484036
2025-10-31 15:00,4.897770771726319
2025-10-31 16:00,8.08986886835225
2025-10-31 17:00,13.685507634534343
2025-10-31 18:00,18.697874816460963
2025-10-31 19:00,14.783490249746855
2025-10-31 20:00,16.36389369214438
2025-10-31 21:00,12.552811330757839
2025-10-31 22:00,13.438290450311102
2025-10-31 23:00,23.57254424286212
2025-11-01 00:00,12.274609818843238
2025-11-01 01:00,14.354350494854241
2025-11-01 02:00,18.961262310643065
2025-11-01 03:00,14.936401093511034
2025-11-01 04:00,14.110968210855612
2025-11-01 05:00,36.90632072342045
2025-11-01 06:00,40.83771694644378
2025-11-01 07:00,39.046458658627344
2025-11-01 08:00,26.435569070106553
2025-11-01 09:00,32.92973016755394
2025-11-01 10:00,28.762431285081192
2025-11-01 11:00,23.352419029800092
2025-11-01 12:00,27.02982955653426
2025-11-01 13:00,20.60551840451834
2025-11-01 14:00,14.030251469040323
2025-11-01 15:00,14.279142913824113
2025-11-01 16:00,19.07037177252188
2025-11-01 17:00,20.825733545496995
2025-11-01 18:00,25.161325710662616
2025-11-01 19:00,31.333570219170205
2025-11-01 20:00,28.576909701066608
2025-11-01 21:00,27.77787727051781
2025-11-01 22:00,18.203660464576423
2025-11-01 23:00,42.70914239988419
2025-11-02 00:00,35.94108938686491
2025-11-02 01:00,37.028590749933414
2025-11-02 02:00,40.33965061943374
2025-11-02 03:00,39.092781463441874
2025-11-02 04:00,35.01698289056202
2025-11-02 05:00,40.64228431335662
2025-11-02 06:00,38.19042989004231
2025-11-02 07:00,47.77207615010717
2025-11-02 08:00,48.07399583756503
2025-11-02 09:00,59.54329148105554
2025-11-02 10:00,61.70004754547516
2025-11-02 11:00,53.073483950477666
2025-11-02 12:00,56.84567951859776
2025-11-02 13:00,55.11143583722426
2025-11-02 14:00,60.41877436738028
2025-11-02 15:00,53.773998325157315
2025-11-02 16:00,54.6467353029303
2025-11-02 17:00,67.64873376033484
2025-11-02 18:00,63.36047282917566
2025-11-02 19:00,69.29299760120993
2025-11-02 20:00,70.61995391181279
2025-11-02 21:00,73.52239155887997
2025-11-02 22:00,62.80907275531192
2025-11-02 23:00,58.31751921808491
2025-11-03 00:00,56.99355551160097
2025-11-03 01:00,54.794484674349036
2025-11-03 02:00,47.02151399226344
2025-11-03 03:00,44.97957512487386
2025-11-03 04:00,38.05808093831673
2025-11-03 05:00,28.768015856148967
2025-11-03 06:00,15.084672258373715
2025-11-03 07:00,11.33974133790324
2025-11-03 08:00,16.02827368000493
2025-11-03 09:00,12.209579032987529
2025-11-03 10:00,5.071339234069221
2025-11-03 11:00,3.292544938518388
2025-11-03 12:00,1.2196806553464092
2025-11-03 13:00,2.5790148566730537
2025-11-03 14:00,1.0774385801657544
2025-11-03 15:00,0.33905811620826937
2025-11-03 16:00,1.2875215110371283
2025-11-03 17:00,1.445494737727661
2025-11-03 18:00,4.217958943143561
2025-11-03 19:00,5.525909258834524
2025-11-03 20:00,4.310058065640979
2025-11-03 21:00,5.707278735550267
2025-11-03 22:00,6.024661774248137
2025-11-03 23:00,2.625290347551332
2025-11-04 00:00,4.558566782554602
2025-11-04 01:00,3.229653550427293
2025-11-04 02:00,4.134259984890955
2025-11-04 03:00,5.998969945860651
2025-11-04 04:00,4.026573689292411
2025-11-04 05:00,7.720257880796932
2025-11-04 06:00,3.7065558241484116
2025-11-04 07:00,1.4182526187862754
2025-11-04 08:00,1.8643176901617906
2025-11-04 09:00,0.9646704594465096
2025-11-04 10:00,2.033981600772809
2025-11-04 11:00,0.8115379142209976
2025-11-04 12:00,0.7628679585698991
2025-11-04 13:00,0.6141041544123236
2025-11-04 14:00,1.2234179072473936
2025-11-04 15:00,2.0078875458098526
2025-11-04 16:00,2.731111300646738
2025-11-04 17:00,4.090670495918382
2025-11-04 18:00,9.018141761504467
2025-11-04 19:00,10.615805283023352
2025-11-04 20:00,7.158516351075193
2025-11-04 21:00,8.113785425740339
2025-11-04 22:00,3.2786104625319568
2025-11-04 23:00,6.628599901809608
2025-11-05 00:00,8.626968924470447
2025-11-05 01:00,8.816851744707279
2025-11-05 02:00,8.39933122215693
2025-11-05 03:00,7.289471245275259
2025-11-05 04:00,9.35457273231075
2025-11-05 05:00,9.062168537727903
2025-11-05 06:00,9.118238815198087
2025-11-05 07:00,6.540676157123331
2025-11-05 08:00,4.78709075424762
2025-11-05 09:00,3.1075205996193604
2025-11-05 10:00,3.731921141032508
2025-11-05 11:00,1.1019407763885418
2025-11-05 12:00,0.1853715137154742
2025-11-05 13:00,1.2826727366733606
2025-11-05 14:00,2.0403436960553023
2025-11-05 15:00,3.2323504023984446
2025-11-05 16:00,6.109034896313807
2025-11-05 17:00,6.777721188865302
2025-11-05 18:00,10.724190307027392
2025-11-05 19:00,13.543851026903344
2025-11-05 20:00,9.080344163584847
2025-11-05 21:00,6.661909418946366
2025-11-05 22:00,7.0392297545854765
2025-11-05 23:00,7.312134992091067
2025-11-06 00:00,9.506642980395187
2025-11-06 01:00,9.329287150447106
2025-11-06 02:00,10.311306939912452
2025-11-06 03:00,8.265329475559419
2025-11-06 04:00,12.053515832843438
2025-11-06 05:00,12.223447211714731
2025-11-06 06:00,11.294758976657674
2025-11-06 07:00,9.19414958805514
2025-11-06 08:00,8.933680467365676
2025-11-06 09:00,8.48023642304184
2025-11-06 10:00,8.011210216067784
2025-11-06 11:00,2.243551079660138
2025-11-06 12:00,1.8424185698315423
2025-11-06 13:00,5.210587414744946
2025-11-06 14:00,9.844140828218976
2025-11-06 15:00,8.678617567975898
2025-11-06 16:00,6.417573051994754
2025-11-06 17:00,6.731567283444081
2025-11-06 18:00,15.698077959762765
2025-11-06 19:00,15.984817143810975
2025-11-06 20:00,8.773667270672044
2025-11-06 21:00,9.922385273761998
2025-11-06 22:00,5.027025784256115
2025-11-06 23:00,7.592425250003609
2025-11-07 00:00,4.999697501966466
2025-11-07 01:00,5.246555807579278
2025-11-07 02:00,2.7217795496094896
2025-11-07 03:00,2.978499706277071
2025-11-07 04:00,1.4798063372416599
2025-11-07 05:00,5.4000896477671745
2025-11-07 06:00,2.3177389814426688
2025-11-07 07:00,4.315755875402251
2025-11-07 08:00,2.731434102126604
2025-11-07 09:00,1.8903874387412842
2025-11-07 10:00,1.534248272594204
2025-11-07 11:00,0.02047160305510845
2025-11-07 12:00,0.0
2025-11-07 13:00,0.4522184346471479
2025-11-07 14:00,0.19472081359429516
2025-11-07 15:00,0.16245528500828704
2025-11-07 16:00,0.5595241238711826
2025-11-07 17:00,3.2407594348298048
2025-11-07 18:00,6.115828952446712
2025-11-07 19:00,2.658650172044565
2025-11-07 20:00,0.5139541817032378
2025-11-07 21:00,2.9119722553535725
2025-11-07 22:00,1.6258905489415105
2025-11-07 23:00,6.5229300379987105
2025-11-08 00:00,4.667623799615365
2025-11-08 01:00,10.855141984623241
2025-11-08 02:00,3.203560650427007
2025-11-08 03:00,11.835328435373032
2025-11-08 04:00,8.12841198180934
2025-11-08 05:00,5.676345387393176
2025-11-08 06:00,6.383153086151875
2025-11-08 07:00,2.50500669447858
2025-11-08 08:00,4.614078197688362
2025-11-08 09:00,3.647834531070994
2025-11-08 10:00,2.8264509944325735
2025-11-08 11:00,2.39454949218433
2025-11-08 12:00,3.755517017614104
2025-11-08 13:00,4.100488460166784
2025-11-08 14:00,0.48705581060863823
2025-11-08 15:00,1.3858175580453274
2025-11-08 16:00,1.0199543536608586
2025-11-08 17:00,5.010167802953687
2025-11-08 18:00,5.368872971319741
2025-11-08 19:00,6.411101520971054
2025-11-08 20:00,4.763726688943544
2025-11-08 21:00,17.932479785301467
2025-11-08 22:00,33.31960043868902
2025-11-08 23:00,23.207492575825224
2025-11-09 00:00,4.899196225198692
2025-11-09 01:00,5.951101563022482
2025-11-09 02:00,10.27932661254784
2025-11-09 03:00,10.110046552394213
2025-11-09 04:00,7.716996102456888
2025-11-09 05:00,12.548266956328579
2025-11-09 06:00,32.54364171760038
2025-11-09 07:00,21.70201252662652
2025-11-09 08:00,23.25720654645751
2025-11-09 09:00,14.914779971643103
2025-11-09 10:00,16.36757252207524
2025-11-09 11:00,19.009977341786314
2025-11-09 12:00,18.603378313529056
2025-11-09 13:00,24.25971962925088
2025-11-09 14:00,20.142453663223307
2025-11-09 15:00,21.916729164244813
2025-11-09 16:00,16.65187628424168
2025-11-09 17:00,8.679769982290503
2025-11-09 18:00,15.16067634789519
2025-11-09 19:00,22.4838500387708
2025-11-09 20:00,41.897881487673224
2025-11-09 21:00,50.70250619419599
2025-11-09 22:00,60.617331711517394
2025-11-09 23:00,62.602504360868
2025-11-10 00:00,65.8366759452231
2025-11-10 01:00,62.89297579391294
2025-11-10 02:00,65.5985564762783
2025-11-10 03:00,61.94807597732268
2025-11-10 04:00,62.91652637287481
2025-11-10 05:00,40.326949601792045
2025-11-10 06:00,26.463877662808155
2025-11-10 07:00,40.06875994792936
2025-11-10 08:00,35.70831189607289
2025-11-10 09:00,54.68883330047242
2025-11-10 10:00,46.17689131499916
2025-11-10 11:00,39.45325156467849
2025-11-10 12:00,34.0546147838931
2025-11-10 13:00,34.387338529608066
2025-11-10 14:00,30.24153924499967
2025-11-10 15:00,29.64190052756221
2025-11-10 16:00,25.89389850310214
2025-11-10 17:00,21.761330866882133
2025-11-10 18:00,15.953240053768631
2025-11-10 19:00,19.021339530399356
2025-11-10 20:00,21.416154664124676
2025-11-10 21:00,21.36473627417496
2025-11-10 22:00,14.497661628239653
2025-11-10 23:00,14.874914200620111
2025-11-11 00:00,12.278453858952403
2025-11-11 01:00,16.444795158166446
2025-11-11 02:00,19.60134247594022
2025-11-11 03:00,19.990245809105744
2025-11-11 04:00,19.96930760492568
2025-11-11 05:00,21.30983538571437
2025-11-11 06:00,15.995667087776276
2025-11-11 07:00,17.862441545498655
2025-11-11 08:00,14.680342550472034
2025-11-11 09:00,10.263973222769614
2025-11-11 10:00,5.345850409494492
2025-11-11 11:00,4.130386168677956
2025-11-11 12:00,4.667762349319705
2025-11-11 13:00,9.234310280758589
2025-11-11 14:00,10.93427301454913
2025-11-11 15:00,8.514799447667777
2025-11-11 16:00,14.36786166896155
2025-11-11 17:00,13.531543920266609
2025-11-11 18:00,14.00742077723891
2025-11-11 19:00,13.335289598076844
2025-11-11 20:00,9.377447230596939
2025-11-11 21:00,7.486011621391922
2025-11-11 22:00,11.477063970851127
2025-11-11 23:00,7.26183032912601
2025-11-12 00:00,14.062295970900383
2025-11-12 01:00,12.855663391472586
2025-11-12 02:00,9.082926815889437
2025-11-12 03:00,11.874970588608438
2025-11-12 04:00,4.603120099347033
2025-11-12 05:00,4.995420713811054
2025-11-12 06:00,7.989877748004005
2025-11-12 07:00,11.94634842525905
2025-11-12 08:00,8.711715735437425
2025-11-12 09:00,7.90768146703769
2025-11-12 10:00,3.496572024089342
2025-11-12 11:00,2.9561250840764117
2025-11-12 12:00,0.6789992399692153
2025-11-12 13:00,1.2619650671064089
2025-11-12 14:00,0.883200262511444
2025-11-12 15:00,1.4347421410534333
2025-11-12 16:00,2.107167835098366
2025-11-12 17:00,5.329923905892778
2025-11-12 18:00,7.87617109772814
2025-11-12 19:00,8.42437928353394
2025-11-12 20:00,5.8040803941434955
2025-11-12 21:00,4.6228313568291055
2025-11-12 22:00,5.55455966656319
2025-11-12 23:00,6.329356379423431
2025-11-13 00:00,12.831957795043657
2025-11-13 01:00,11.984705507008895
2025-11-13 02:00,12.410246505241687
2025-11-13 03:00,15.33321865878836
2025-11-13 04:00,10.666457546080071
2025-11-13 05:00,13.56881677715425
2025-11-13 06:00,13.190081964218496
2025-11-13 07:00,12.89744905680798
2025-11-13 08:00,10.486770476612453
2025-11-13 09:00,5.6576162612266945
2025-11-13 10:00,5.416558137328107
2025-11-13 11:00,6.34377734323998
2025-11-13 12:00,5.7851527952552875
2025-11-13 13:00,4.338725996515093
2025-11-13 14:00,3.4660140604758256
2025-11-13 15:00,6.36206509645492
2025-11-13 16:00,10.030647099294356
2025-11-13 17:00,19.77602709360641
2025-11-13 18:00,26.653304746351385
2025-11-13 19:00,26.655973085223636
2025-11-13 20:00,26.988067725001734
2025-11-13 21:00,30.022886226762754
2025-11-13 22:00,22.144432841400384
2025-11-13 23:00,16.096562094765666
2025-11-14 00:00,20.279054868914145
2025-11-14 01:00,28.10501615462205
2025-11-14 02:00,25.9892429560764
2025-11-14 03:00,20.962342325989095
2025-11-14 04:00,19.754092879822696
2025-11-14 05:00,20.00565260256568
2025-11-14 06:00,16.35171775458729
2025-11-14 07:00,13.510414026338452
2025-11-14 08:00,14.368752820437525
2025-11-14 09:00,13.64265998391787
2025-11-14 10:00,5.493449921402448
2025-11-14 11:00,7.979268509393292
2025-11-14 12:00,17.052865482574703
2025-11-14 13:00,16.15534321576497
2025-11-14 14:00,16.056630424033067
2025-11-14 15:00,16.33747521925418
2025-11-14 16:00,12.999660056125522
2025-11-14 17:00,12.795146625315112
2025-11-14 18:00,12.520580517318033
2025-11-14 19:00,15.416294529598888
2025-11-14 20:00,16.740554542053353
2025-11-14 21:00,16.049849232453592
2025-11-14 22:00,17.857110026255285
2025-11-14 23:00,12.859155588258998
2025-11-15 00:00,9.678146328274037
2025-11-15 01:00,6.050092313338668
2025-11-15 02:00,7.008729881227383
2025-11-15 03:00,6.930638502423841
2025-11-15 04:00,7.182475106834137
2025-11-15 05:00,8.9417974531153
2025-11-15 06:00,10.977686623150584
2025-11-15 07:00,13.739852206716037
2025-11-15 08:00,9.651173612215736
2025-11-15 09:00,4.89263072492514
2025-11-15 10:00,2.366762817433741
2025-11-15 11:00,0.4804756891374513
2025-11-15 12:00,0.0
2025-11-15 13:00,0.18058219417263277
2025-11-15 14:00,0.9361543368224522
2025-11-15 15:00,1.5320298326984945
2025-11-15 16:00,2.9130715940185574
2025-11-15 17:00,4.583668354101517
2025-11-15 18:00,4.95762385794068
2025-11-15 19:00,7.354368568544004
2025-11-15 20:00,6.1522619082993595
2025-11-15 21:00,2.4111235032848692
2025-11-15 22:00,2.6450835921064324
2025-11-15 23:00,1.889468573312381
2025-11-16 00:00,3.9832662803962715
2025-11-16 01:00,3.7674238880413795
2025-11-16 02:00,4.452111183124632
2025-11-16 03:00,3.5708330926348006
2025-11-16 04:00,4.0375533215029265
2025-11-16 05:00,3.736357079651638
2025-11-16 06:00,5.959162704284818
2025-11-16 07:00,5.655268510027772
2025-11-16 08:00,5.073397087762379
2025-11-16 09:00,3.7449465759086067
2025-11-16 10:00,2.7274865790604044
2025-11-16 11:00,0.3227506354065271
2025-11-16 12:00,2.412781141698786
2025-11-16 13:00,0.0
2025-11-16 14:00,1.00266922635344
2025-11-16 15:00,1.4807554851247886
2025-11-16 16:00,2.4924964702743204
2025-11-16 17:00,1.82170814103785
2025-11-16 18:00,5.9358298018866
2025-11-16 19:00,4.8419540160560395
2025-11-16 20:00,12.375925944487417
2025-11-16 21:00,25.44043512168164
2025-11-16 22:00,29.94301023696846
2025-11-16 23:00,18.63487907619977
2025-11-17 00:00,11.230471566971904
2025-11-17 01:00,47.93261370524577
2025-11-17 02:00,57.37793192916163
2025-11-17 03:00,55.35760263562883
2025-11-17 04:00,48.792119063871525
2025-11-17 05:00,55.578955691872935
2025-11-17 06:00,56.08487804623085
2025-11-17 07:00,51.661583671430954
2025-11-17 08:00,48.578109707666634
2025-11-17 09:00,48.923111562386374
2025-11-17 10:00,41.14266063844218
2025-11-17 11:00,35.63499801909174
2025-11-17 12:00,41.193802112502084
2025-11-17 13:00,38.305300251989955
2025-11-17 14:00,43.399940812662905
2025-11-17 15:00,44.023507621847465
2025-11-17 16:00,40.32210300954768
2025-11-17 17:00,46.9044668931687
2025-11-17 18:00,49.54381753643611
2025-11-17 19:00,58.98088491751874
2025-11-17 20:00,58.94102777484487
2025-11-17 21:00,58.14982933361136
2025-11-17 22:00,58.87513423617278
2025-11-17 23:00,48.96740906349595
2025-11-18 00:00,54.39021332844034
2025-11-18 01:00,51.52347909170154
2025-11-18 02:00,49.557673450044085
2025-11-18 03:00,47.35590950023036
2025-11-18 04:00,42.405583965477064
2025-11-18 05:00,41.14689852232722
2025-11-18 06:00,44.682919871034855
2025-11-18 07:00,42.67346856005612
2025-11-18 08:00,31.248684418507406
2025-11-18 09:00,30.30350441624271
2025-11-18 10:00,28.22148582913294
2025-11-18 11:00,36.31651852786687
2025-11-18 12:00,43.18237213380945
2025-11-18 13:00,34.622829120421585
2025-11-18 14:00,30.03118135697155
2025-11-18 15:00,40.81104216024514
2025-11-18 16:00,20.399131455341106
2025-11-18 17:00,22.469291189909576
2025-11-18 18:00,28.458610040007372
2025-11-18 19:00,19.280064907782055
2025-11-18 20:00,25.004631490927295
2025-11-18 21:00,16.40286830316446
2025-11-18 22:00,33.10177486310688
2025-11-18 23:00,27.884868904336916
2025-11-19 00:00,15.461775269187367
2025-11-19 01:00,7.383103396806389
2025-11-19 02:00,9.803243652375146
2025-11-19 03:00,6.774535215030677
2025-11-19 04:00,20.915917925807456
2025-11-19 05:00,17.74027704541318
2025-11-19 06:00,9.806168338049691
2025-11-19 07:00,7.093627809674215
2025-11-19 08:00,8.931700773342067
2025-11-19 09:00,4.331082567526263
2025-11-19 10:00,4.612867261489206
2025-11-19 11:00,3.663920337923602
2025-11-19 12:00,3.6915401039824225
2025-11-19 13:00,6.642018356428729
2025-11-19 14:00,7.789649062841843
2025-11-19 15:00,7.669381485645285
2025-11-19 16:00,6.691260125856562
2025-11-19 17:00,9.169829328109985
2025-11-19 18:00,8.968324987229408
2025-11-19 19:00,6.871218210916802
2025-11-19 20:00,4.187209499205961
2025-11-19 21:00,6.42355882321991
2025-11-19 22:00,7.2341865746163725
2025-11-19 23:00,7.786039978438716
2025-11-20 00:00,8.742145721726706
2025-11-20 01:00,7.622746010321774
2025-11-20 02:00,6.122740018884418
2025-11-20 03:00,5.994942071958501
2025-11-20 04:00,4.912667326775423
2025-11-20 05:00,8.394675469224772
2025-11-20 06:00,7.809444141201798
2025-11-20 07:00,11.284017630348615
2025-11-20 08:00,9.032551326272465
2025-11-20 09:00,5.053551676638267
2025-11-20 10:00,6.955508248323599
2025-11-20 11:00,8.831790708081588
2025-11-20 12:00,12.355716762825212
2025-11-20 13:00,7.094800542923441
2025-11-20 14:00,7.2079007415947505
2025-11-20 15:00,15.873262760105803
2025-11-20 16:00,10.412234700671133
2025-11-20 17:00,13.278155177038121
2025-11-20 18:00,15.475314303944131
2025-11-20 19:00,19.492816023994244
2025-11-20 20:00,23.080932361454302
2025-11-20 21:00,27.292306079379053
2025-11-20 22:00,31.221688375566913
2025-11-20 23:00,41.08157345749462
2025-11-21 00:00,41.3616186241516
2025-11-21 01:00,33.57071539032868
2025-11-21 02:00,30.870625996145705
2025-11-21 03:00,14.060843115182994
2025-11-21 04:00,11.93882909157753
2025-11-21 05:00,13.435090185481782
2025-11-21 06:00,10.289512917492065
2025-11-21 07:00,12.65943602295521
2025-11-21 08:00,4.45609846565219
2025-11-21 09:00,5.704487200838504
2025-11-21 10:00,4.130354881241942
2025-11-21 11:00,1.4110324907965435
2025-11-21 12:00,1.2075295900750318
2025-11-21 13:00,2.1171768041275696
2025-11-21 14:00,4.116833599162422
2025-11-21 15:00,6.314172946941909
2025-11-21 16:00,6.261386751955003
2025-11-21 17:00,3.946463539309874
2025-11-21 18:00,8.366230842949689
2025-11-21 19:00,10.899280643609618
2025-11-21 20:00,9.16201367329655
2025-11-21 21:00,11.318187908023472
2025-11-21 22:00,12.719957382691138
2025-11-21 23:00,12.398399995304773
2025-11-22 00:00,8.647123832988195
2025-11-22 01:00,14.6681262528474
2025-11-22 02:00,20.154572760098205
2025-11-22 03:00,10.794122232907615
2025-11-22 04:00,8.38319712711644
2025-11-22 05:00,11.52951946538515
2025-11-22 06:00,10.002154923808748
2025-11-22 07:00,12.818096897592136
2025-11-22 08:00,9.45301836112571
2025-11-22 09:00,4.45847001784179
2025-11-22 10:00,2.2705969428738237
2025-11-22 11:00,1.5305147096373881
2025-11-22 12:00,1.6020183951100155
2025-11-22 13:00,0.7428592000934847
2025-11-22 14:00,1.9778185062146147
2025-11-22 15:00,2.3691629087419184
2025-11-22 16:00,2.651883796067045
2025-11-22 17:00,4.798365247377668
2025-11-22 18:00,4.605979463425601
2025-11-22 19:00,4.266873366163576
2025-11-22 20:00,7.977885729020683
2025-11-22 21:00,12.5111383468327
2025-11-22 22:00,10.846911142671534
2025-11-22 23:00,14.613851615223144
2025-11-23 00:00,7.944416640290724
2025-11-23 01:00,9.874014225789985
2025-11-23 02:00,8.568863508752028
2025-11-23 03:00,16.84696976422024
2025-11-23 04:00,19.30638754422302
2025-11-23 05:00,17.39737034432842
2025-11-23 06:00,20.847627440482658
2025-11-23 07:00,21.97504119139614
2025-11-23 08:00,11.915460966217823
2025-11-23 09:00,8.049576841941846
2025-11-23 10:00,18.775799012562448
2025-11-23 11:00,23.149462950595137
2025-11-23 12:00,13.173332204347624
2025-11-23 13:00,12.841324231421776
2025-11-23 14:00,8.306163418221649
2025-11-23 15:00,9.12972598420441
2025-11-23 16:00,14.646960789516028
2025-11-23 17:00,14.033143966064676
2025-11-23 18:00,21.586639889497093
2025-11-23 19:00,22.65574087709045
2025-11-23 20:00,28.466467327939483
2025-11-23 21:00,30.668690622070873
2025-11-23 22:00,28.73792664413714
2025-11-23 23:00,26.397803249615286
2025-11-24 00:00,24.84169720952185
2025-11-24 01:00,22.352189905762227
2025-11-24 02:00,18.9760491543454
2025-11-24 03:00,22.710028447184268
2025-11-24 04:00,29.155054189676285
2025-11-24 05:00,31.262493413859268
2025-11-24 06:00,30.82726634008584
2025-11-24 07:00,24.21873929583169
2025-11-24 08:00,24.811180539795
2025-11-24 09:00,27.88733977816511
2025-11-24 10:00,27.019089616542814
2025-11-24 11:00,25.916187396810024
2025-11-24 12:00,15.98281552870649
2025-11-24 13:00,16.86982212274549
2025-11-24 14:00,14.644741452275724
2025-11-24 15:00,14.43942463935175
2025-11-24 16:00,10.190610888446095
2025-11-24 17:00,11.35527194450795
2025-11-24 18:00,17.841690544998542
2025-11-24 19:00,17.23335049308974
2025-11-24 20:00,22.658942060955773
2025-11-24 21:00,22.6522994099442
2025-11-24 22:00,25.807776401389308
2025-11-24 23:00,28.393887462042144
2025-11-25 00:00,22.848808022656467
2025-11-25 01:00,19.429438928944496
2025-11-25 02:00,22.520446062039408
2025-11-25 03:00,20.813726819376825
2025-11-25 04:00,23.08306117275313
2025-11-25 05:00,32.71126784500326
2025-11-25 06:00,37.61095169700045
2025-11-25 07:00,25.12887362773799
2025-11-25 08:00,62.6209193262413
2025-11-25 09:00,37.39501719441175
2025-11-25 10:00,49.744693778577435
2025-11-25 11:00,50.56032556910063
2025-11-25 12:00,44.19797950952058
2025-11-25 13:00,63.87805193508022
2025-11-25 14:00,61.480178613171134
2025-11-25 15:00,57.86761058135737
2025-11-25 16:00,57.40836571365425
2025-11-25 17:00,49.485468026099824
2025-11-25 18:00,47.20266160826995
2025-11-25 19:00,60.319072683836815
2025-11-25 20:00,58.52329807747095
2025-11-25 21:00,58.36080132647078
2025-11-25 22:00,52.443209979314375
2025-11-25 23:00,42.62390853811785
2025-11-26 00:00,37.45175407348762
2025-11-26 01:00,28.875576719960637
2025-11-26 02:00,22.994012903882695
2025-11-26 03:00,17.333037978610722
2025-11-26 04:00,9.027901345330909
2025-11-26 05:00,15.780854072018741
2025-11-26 06:00,15.042320463478532
2025-11-26 07:00,13.57155716469925
2025-11-26 08:00,7.150253420203093
2025-11-26 09:00,5.774539854835903
2025-11-26 10:00,3.252654435708188
2025-11-26 11:00,0.5398082673785372
2025-11-26 12:00,2.008500737661337
2025-11-26 13:00,2.2342249392716007
2025-11-26 14:00,2.784646495545893
2025-11-26 15:00,3.4863014358935835
2025-11-26 16:00,3.615314898715343
2025-11-26 17:00,6.059856201973023
2025-11-26 18:00,8.861066821178037
2025-11-26 19:00,10.645142781798992
2025-11-26 20:00,10.821506752077987
2025-11-26 21:00,6.416669810979261
2025-11-26 22:00,6.4969553034325624
2025-11-26 23:00,7.249363412679357
2025-11-27 00:00,16.018377440710765
2025-11-27 01:00,18.002631142014366
2025-11-27 02:00,19.907699583299614
2025-11-27 03:00,32.01022709276087
2025-11-27 04:00,39.339490711100616
2025-11-27 05:00,37.0793097035334
2025-11-27 06:00,43.70821228215261
2025-11-27 07:00,40.01152380547888
2025-11-27 08:00,54.87448589679856
2025-11-27 09:00,53.80007332515602
2025-11-27 10:00,52.67366087007203
2025-11-27 11:00,53.157572332481486
2025-11-27 12:00,53.36406929942383
2025-11-27 13:00,58.51929273438655
2025-11-27 14:00,49.984243747983705
2025-11-27 15:00,46.27927936847837
2025-11-27 16:00,42.68883190030938
2025-11-27 17:00,48.175191418063584
2025-11-27 18:00,42.23524344706941
2025-11-27 19:00,60.096337711497746
2025-11-27 20:00,61.60405277458991
2025-11-27 21:00,58.6216624119481
2025-11-27 22:00,56.85227388168222
2025-11-27 23:00,58.269469329054154
2025-11-28 00:00,52.95727673135747
2025-11-28 01:00,55.92411124560166
2025-11-28 02:00,52.95106937064118
2025-11-28 03:00,60.24759821076048
2025-11-28 04:00,52.20100461746474
2025-11-28 05:00,49.4561487389132
2025-11-28 06:00,39.96071054920776
2025-11-28 07:00,38.17476381228195
2025-11-28 08:00,33.227426013817556
2025-11-28 09:00,19.374329789685948
2025-11-28 10:00,15.103006627917562
2025-11-28 11:00,11.310995906677489
2025-11-28 12:00,7.223084434620775
2025-11-28 13:00,9.804577316473019
2025-11-28 14:00,9.311984703298943
2025-11-28 15:00,9.429995122650798
2025-11-28 16:00,12.282565957398273
2025-11-28 17:00,11.962865596323025
2025-11-28 18:00,9.823569358656787
2025-11-28 19:00,10.497713111892642
2025-11-28 20:00,13.5889424944023
2025-11-28 21:00,14.278255759341885
2025-11-28 22:00,11.979604761001866
2025-11-28 23:00,6.637978809994134
2025-11-29 00:00,6.2281727262344635
2025-11-29 01:00,5.712803034234769
2025-11-29 02:00,4.977986043232504
2025-11-29 03:00,5.3105897955824535
2025-11-29 04:00,7.63501616639115
2025-11-29 05:00,5.388548065631658
2025-11-29 06:00,11.136979284329282
2025-11-29 07:00,12.598053390752336
2025-11-29 08:00,10.17280271283494
2025-11-29 09:00,9.263156453841166
2025-11-29 10:00,11.08623696733185
2025-11-29 11:00,30.27724548666946
2025-11-29 12:00,31.078707238567624
2025-11-29 13:00,34.23894309273293
2025-11-29 14:00,37.24758338532216
2025-11-29 15:00,37.68882259651662
2025-11-29 16:00,33.79667356614027
2025-11-29 17:00,34.195190684698765
2025-11-29 18:00,35.2428285007875
2025-11-29 19:00,36.949842905954554
2025-11-29 20:00,36.811696369563236
2025-11-29 21:00,34.596248766143624
2025-11-29 22:00,33.655308657368366
2025-11-29 23:00,36.738319411094125
2025-11-30 00:00,46.713863147632935
2025-11-30 01:00,46.56618320593792
2025-11-30 02:00,41.438091212266805
2025-11-30 03:00,41.05858703707551
2025-11-30 04:00,40.975532393819975
2025-11-30 05:00,39.29497808102556
2025-11-30 06:00,31.67026044624455
2025-11-30 07:00,30.105937416747153
2025-11-30 08:00,27.764724095982636
2025-11-30 09:00,24.00766661958564
2025-11-30 10:00,29.98301138170106
2025-11-30 11:00,25.194701347826832
2025-11-30 12:00,24.21041015899455
2025-11-30 13:00,22.54740213596594
2025-11-30 14:00,22.780013630715604
2025-11-30 15:00,24.794059994432978
2025-11-30 16:00,28.109312009703295
2025-11-30 17:00,30.15363051303454
2025-11-30 18:00,27.711395046887816
2025-11-30 19:00,33.50933836796426
2025-11-30 20:00,33.82214362654148
2025-11-30 21:00,27.08803145364686
2025-11-30 22:00,26.643052355479053
2025-11-30 23:00,24.813732229612963
2025-12-01 00:00,25.014606671769517
2025-12-01 01:00,29.357572459208235
2025-12-01 02:00,39.14425903355398
2025-12-01 03:00,32.247981463917554
2025-12-01 04:00,40.13120523825557
2025-12-01 05:00,40.36310644786018
2025-12-01 06:00,40.49273149679692
2025-12-01 07:00,35.584329071560134
2025-12-01 08:00,20.37191797085606
2025-12-01 09:00,22.48247598741085
2025-12-01 10:00,20.088661672908305
2025-12-01 11:00,24.71442750649962
2025-12-01 12:00,28.80236439286065
2025-12-01 13:00,28.351012644200562
2025-12-01 14:00,28.533227209343316
2025-12-01 15:00,28.17395254061531
2025-12-01 16:00,28.814478660054846
2025-12-01 17:00,21.501127252897312
2025-12-01 18:00,20.218300288616533
2025-12-01 19:00,24.215810181500885
2025-12-01 20:00,27.33946464091653
2025-12-01 21:00,29.612320494622004
2025-12-01 22:00,31.298926513270676
2025-12-01 23:00,21.88882950753443
2025-12-02 00:00,34.24220890348797
2025-12-02 01:00,43.68124183092723
2025-12-02 02:00,41.251349315314016
2025-12-02 03:00,36.42741909174821
2025-12-02 04:00,34.87515220686613
2025-12-02 05:00,27.031346075175954
2025-12-02 06:00,32.45354638264311
2025-12-02 07:00,36.131653279606425
2025-12-02 08:00,38.8382351609828
2025-12-02 09:00,48.034553238250346
2025-12-02 10:00,37.4735751723051
2025-12-02 11:00,35.231790676401374
2025-12-02 12:00,34.28779438156817
2025-12-02 13:00,35.27838580317006
2025-12-02 14:00,38.356666584831515
2025-12-02 15:00,33.634978147455065
2025-12-02 16:00,27.006818674489665
2025-12-02 17:00,28.19341229148712
2025-12-02 18:00,38.06760225607946
2025-12-02 19:00,45.087951892370334
2025-12-02 20:00,47.799745792766345
2025-12-02 21:00,40.560957671523546
2025-12-02 22:00,36.10488644564892
2025-12-02 23:00,27.95487201526935
2025-12-03 00:00,42.67974190620052
2025-12-03 01:00,55.845296683175945
2025-12-03 02:00,61.3261696720251
2025-12-03 03:00,55.177677994730004
2025-12-03 04:00,64.07640727886017
2025-12-03 05:00,59.80702166480687
2025-12-03 06:00,52.34036948786495
2025-12-03 07:00,44.98962372441786
2025-12-03 08:00,24.60279278486612
2025-12-03 09:00,18.007002930166145
2025-12-03 10:00,38.8030468813604
2025-12-03 11:00,40.06058705132477
2025-12-03 12:00,48.82737876379434
2025-12-03 13:00,50.21791152497162
2025-12-03 14:00,51.1619617162693
2025-12-03 15:00,53.29249764888414
2025-12-03 16:00,56.105258330904576
2025-12-03 17:00,58.72975733467562
2025-12-03 18:00,46.86896723888456
2025-12-03 19:00,52.003521925772844
2025-12-03 20:00,49.46360677912221
2025-12-03 21:00,44.99990400848018
2025-12-03 22:00,52.92638912064022
2025-12-03 23:00,41.698034159039935
2025-12-04 00:00,37.89498436575547
2025-12-04 01:00,36.24311157899878
2025-12-04 02:00,31.1401673102583
2025-12-04 03:00,25.90485737467278
2025-12-04 04:00,26.324671780212526
2025-12-04 05:00,20.39116527088821
2025-12-04 06:00,11.416752298212817
2025-12-04 07:00,4.794960217672914
2025-12-04 08:00,6.443952019815822
2025-12-04 09:00,7.338145745251669
2025-12-04 10:00,4.920904200955882
2025-12-04 11:00,2.6999828042512206
2025-12-04 12:00,1.800026695980221
2025-12-04 13:00,0.0
2025-12-04 14:00,2.1303166857670237
2025-12-04 15:00,3.9771853261404706
2025-12-04 16:00,11.372998886845247
2025-12-04 17:00,15.496703091546124
2025-12-04 18:00,26.10958004288117
2025-12-04 19:00,31.71571956284443
2025-12-04 20:00,59.3239870679701
2025-12-04 21:00,52.89056057183384
2025-12-04 22:00,58.77176281403623
2025-12-04 23:00,69.42532536827808
2025-12-05 00:00,68.68714568178991
2025-12-05 01:00,61.88821732174147
2025-12-05 02:00,63.09252010655507
2025-12-05 03:00,48.92698354099657
2025-12-05 04:00,53.71037259963467
2025-12-05 05:00,41.54920620690729
2025-12-05 06:00,40.74459584258135
2025-12-05 07:00,34.07785347534347
2025-12-05 08:00,29.23787541558756
2025-12-05 09:00,20.599951211566896
2025-12-05 10:00,15.352410678550237
2025-12-05 11:00,7.862428319689075
2025-12-05 12:00,9.601831550930715
2025-12-05 13:00,8.827104505700525
2025-12-05 14:00,11.62999233606633
2025-12-05 15:00,13.08698215701899
2025-12-05 16:00,10.230092237583996
2025-12-05 17:00,12.219464116238738
2025-12-05 18:00,11.37852140614935
2025-12-05 19:00,9.214147418186549
2025-12-05 20:00,9.079170939520775
2025-12-05 21:00,5.499946444087999
2025-12-05 22:00,7.144725145637235
2025-12-05 23:00,8.57346004610652
2025-12-06 00:00,6.442833090771198
2025-12-06 01:00,5.839291745547869
2025-12-06 02:00,6.862388976125471
2025-12-06 03:00,1.5947504045055219
2025-12-06 04:00,0.4791861423824013
2025-12-06 05:00,3.946822427573547
2025-12-06 06:00,1.1003405366701573
2025-12-06 07:00,2.018107755643107
2025-12-06 08:00,3.348723912170116
2025-12-06 09:00,3.4655294821931
2025-12-06 10:00,6.8131061721774815
2025-12-06 11:00,6.759390443476316
2025-12-06 12:00,23.20940348570131
2025-12-06 13:00,32.749224467080296
2025-12-06 14:00,32.09213280498827
2025-12-06 15:00,33.00403717623175
2025-12-06 16:00,25.07913963379677
2025-12-06 17:00,18.712437281169013
2025-12-06 18:00,21.740610712739073
2025-12-06 19:00,32.94784910596099
2025-12-06 20:00,31.57051458251811
2025-12-06 21:00,30.786446217641714
2025-12-06 22:00,30.73387240401216
2025-12-06 23:00,30.907942424660924
2025-12-07 00:00,35.302580117603746
2025-12-07 01:00,29.61984953699046
2025-12-07 02:00,24.946357323890876
2025-12-07 03:00,23.366458431596957
2025-12-07 04:00,22.36716119936283
2025-12-07 05:00,30.253041753350608
2025-12-07 06:00,32.85201248156158
2025-12-07 07:00,26.567962840922036
2025-12-07 08:00,30.877925029951875
2025-12-07 09:00,24.18106554952155
2025-12-07 10:00,18.37795277273627
2025-12-07 11:00,24.62481181314679
2025-12-07 12:00,25.694219730937867
2025-12-07 13:00,30.244176646328647
2025-12-07 14:00,24.43570820212942
2025-12-07 15:00,24.809526745803865
2025-12-07 16:00,27.59985265155595
2025-12-07 17:00,29.721461552462923
2025-12-07 18:00,23.91319587954296
2025-12-07 19:00,28.70721061590912
2025-12-07 20:00,33.201069142443856
2025-12-07 21:00,34.04164803127101
2025-12-07 22:00,29.262145757981468
2025-12-07 23:00,51.61114814074643
2025-12-08 00:00,57.57003505601196
2025-12-08 01:00,57.29439583713617
2025-12-08 02:00,54.49498750152773
2025-12-08 03:00,50.53573998551769
2025-12-08 04:00,51.53997575022119
2025-12-08 05:00,48.55743552445638
2025-12-08 06:00,45.64538159492577
2025-12-08 07:00,46.26033906905943
2025-12-08 08:00,38.70435431385776
2025-12-08 09:00,34.98241686943595
2025-12-08 10:00,34.776907431762
2025-12-08 11:00,30.813272987478225
2025-12-08 12:00,27.864833435597138
2025-12-08 13:00,33.02282432218641
2025-12-08 14:00,32.52363438517465
2025-12-08 15:00,31.106316558889365
2025-12-08 16:00,26.14222888776031
2025-12-08 17:00,18.84141608785543
2025-12-08 18:00,21.30859716793284
2025-12-08 19:00,27.250912115760862
2025-12-08 20:00,30.58285801198486
2025-12-08 21:00,22.446330002673236
2025-12-08 22:00,8.729916228010481
2025-12-08 23:00,6.190208009437554
2025-12-09 00:00,13.703039829689706
2025-12-09 01:00,12.002533419408081
2025-12-09 02:00,11.756514361622681
2025-12-09 03:00,12.111817226569983
2025-12-09 04:00,12.016201885779823
2025-12-09 05:00,7.130313146242114
2025-12-09 06:00,9.517597011052196
2025-12-09 07:00,8.776426670323152
2025-12-09 08:00,10.155263267196915
2025-12-09 09:00,6.946200860846884
2025-12-09 10:00,4.430593803695187
2025-12-09 11:00,1.8402041102986786
2025-12-09 12:00,1.5237027215901326
2025-12-09 13:00,1.5807855821155588
2025-12-09 14:00,1.0601667014144254
2025-12-09 15:00,1.8353427094436148
2025-12-09 16:00,2.8460919997407896
2025-12-09 17:00,3.5137105698261015
2025-12-09 18:00,3.79641101491705
2025-12-09 19:00,3.7381643908361633
2025-12-09 20:00,5.919928413580408
2025-12-09 21:00,8.183621972674182
2025-12-09 22:00,6.597408686816636
2025-12-09 23:00,10.884734451915099
2025-12-10 00:00,9.086298757390644
2025-12-10 01:00,9.38521656499563
2025-12-10 02:00,7.79938691436859
2025-12-10 03:00,7.167071560927811
2025-12-10 04:00,3.8749877290039754
2025-12-10 05:00,4.268420087759064
2025-12-10 06:00,3.539650462409998
2025-12-10 07:00,3.433122407886085
2025-12-10 08:00,7.095099153302247
2025-12-10 09:00,2.0491122662157455
2025-12-10 10:00,3.533846766142685
2025-12-10 11:00,1.7150896179675599
2025-12-10 12:00,0.4725601633672
2025-12-10 13:00,0.0
2025-12-10 14:00,1.0918193117292105
2025-12-10 15:00,0.9646520822870507
2025-12-10 16:00,0.9271165559979302
2025-12-10 17:00,6.891162809276649
2025-12-10 18:00,5.579094288192826
2025-12-10 19:00,3.869405428125733
2025-12-10 20:00,5.560371568797251
2025-12-10 21:00,4.463518245308447
2025-12-10 22:00,4.382269204218644
2025-12-10 23:00,4.501452384140714
2025-12-11 00:00,14.47678407296771
2025-12-11 01:00,19.32771108070894
2025-12-11 02:00,15.901782019222257
2025-12-11 03:00,43.344832928263834
2025-12-11 04:00,25.046700469975352
2025-12-11 05:00,24.740570999430286
2025-12-11 06:00,23.425079590808373
2025-12-11 07:00,22.470639716501676
2025-12-11 08:00,22.38047591222499
2025-12-11 09:00,21.084777681476712
2025-12-11 10:00,35.294551413531
2025-12-11 11:00,45.04859439291544
2025-12-11 12:00,46.1570963673593
2025-12-11 13:00,57.61644647048074
2025-12-11 14:00,62.53992483643323
2025-12-11 15:00,58.7673451594096
2025-12-11 16:00,59.94666009469093
2025-12-11 17:00,57.39332575070327
2025-12-11 18:00,53.084468560142575
2025-12-11 19:00,60.106954780587195
2025-12-11 20:00,56.1398783465424
2025-12-11 21:00,58.96282478919911
2025-12-11 22:00,58.656022143622764
2025-12-11 23:00,56.09005138954821
2025-12-12 00:00,44.90331029570008
2025-12-12 01:00,42.38631272080928
2025-12-12 02:00,43.94110443099302
2025-12-12 03:00,43.27133608412531
2025-12-12 04:00,23.401403985729118
2025-12-12 05:00,23.00447736906203
2025-12-12 06:00,25.469397427753165
2025-12-12 07:00,21.088345005278992
2025-12-12 08:00,8.352414332674929
2025-12-12 09:00,7.257915017530987
2025-12-12 10:00,5.628354772987281
2025-12-12 11:00,0.0
2025-12-12 12:00,4.292259886809133
2025-12-12 13:00,1.751352100115878
2025-12-12 14:00,0.5725628509229856
2025-12-12 15:00,0.08519800778399234
2025-12-12 16:00,0.7597488027911822
2025-12-12 17:00,4.284842742891265
2025-12-12 18:00,5.360000935315593
2025-12-12 19:00,4.300232833052306
2025-12-12 20:00,5.206075537278471
2025-12-12 21:00,7.958531358878668
2025-12-12 22:00,3.769359674110392
2025-12-12 23:00,7.661402169388861
2025-12-13 00:00,7.654184954396163
2025-12-13 01:00,2.9409012208546357
2025-12-13 02:00,3.4746426600221327
2025-12-13 03:00,3.1799955465457974
2025-12-13 04:00,4.8916164406823555
2025-12-13 05:00,4.309741533342563
2025-12-13 06:00,7.567774396740547
2025-12-13 07:00,11.404491268565424
2025-12-13 08:00,6.139469593196005
2025-12-13 09:00,3.95046998369461
2025-12-13 10:00,4.328825769072047
2025-12-13 11:00,2.982438529490482
2025-12-13 12:00,3.7173592278018717
2025-12-13 13:00,7.803036692475421
2025-12-13 14:00,2.6804006505092826
2025-12-13 15:00,11.479050069273663
2025-12-13 16:00,15.447600920860076
2025-12-13 17:00,22.575961604239197
2025-12-13 18:00,35.24634815340951
2025-12-13 19:00,35.41632278901447
2025-12-13 20:00,42.01931076526271
2025-12-13 21:00,36.028949639736034
2025-12-13 22:00,35.07809271260791
2025-12-13 23:00,24.46938185554078
2025-12-14 00:00,30.76305856301295
2025-12-14 01:00,35.12170522385199
2025-12-14 02:00,31.574674295279998
2025-12-14 03:00,41.21289847356322
2025-12-14 04:00,48.29123526908211
2025-12-14 05:00,37.057694911419205
2025-12-14 06:00,29.723551761338527
2025-12-14 07:00,39.52987630994353
2025-12-14 08:00,30.717007967732044
2025-12-14 09:00,57.92454165690427
2025-12-14 10:00,50.24991686904474
2025-12-14 11:00,40.21484131981606
2025-12-14 12:00,50.11029792474335
2025-12-14 13:00,53.65834754082053
2025-12-14 14:00,55.6280653126476
2025-12-14 15:00,46.423540000981795
2025-12-14 16:00,44.97929672069475
2025-12-14 17:00,31.932393461256126
2025-12-14 18:00,33.15999155474405
2025-12-14 19:00,43.70458165015638
2025-12-14 20:00,42.122917553212005
2025-12-14 21:00,27.354329784005575
2025-12-14 22:00,29.337803724939167
2025-12-14 23:00,30.101142593858928
2025-12-15 00:00,13.540997622340496
2025-12-15 01:00,5.443380640229604
2025-12-15 02:00,10.512003380870228
2025-12-15 03:00,9.368503302854968
2025-12-15 04:00,6.561779982021322
2025-12-15 05:00,6.098759337756696
2025-12-15 06:00,7.353072629779649
2025-12-15 07:00,3.327202427229577
2025-12-15 08:00,7.963784975899873
2025-12-15 09:00,5.847970591869526
2025-12-15 10:00,2.052495213934486
2025-12-15 11:00,1.7685105316076226
2025-12-15 12:00,3.0853310941394323
2025-12-15 13:00,3.626203127577425
2025-12-15 14:00,3.1179342383005353
2025-12-15 15:00,3.326017450715513
2025-12-15 16:00,4.954465141977187
2025-12-15 17:00,4.963403893535502
2025-12-15 18:00,6.338240263398891
2025-12-15 19:00,7.760200026225814
2025-12-15 20:00,7.581460148291374
2025-12-15 21:00,17.034345250362744
2025-12-15 22:00,29.188583241456723
2025-12-15 23:00,33.91512645109475
2025-12-16 00:00,11.631603919510146
2025-12-16 01:00,16.52668674029758
2025-12-16 02:00,13.858376841218124
2025-12-16 03:00,9.61615686677235
2025-12-16 04:00,14.629621004381406
2025-12-16 05:00,20.906908163614304
2025-12-16 06:00,8.376214024243676
2025-12-16 07:00,9.674874966238892
2025-12-16 08:00,7.237932733289222
2025-12-16 09:00,8.827173101261407
2025-12-16 10:00,8.19478901123868
2025-12-16 11:00,9.393186172303047
2025-12-16 12:00,16.122215101615122
2025-12-16 13:00,21.997682229187493
2025-12-16 14:00,16.50048090115486
2025-12-16 15:00,13.395719904074067
2025-12-16 16:00,9.249317906073212
2025-12-16 17:00,7.932549773105169
2025-12-16 18:00,11.108838858327339
2025-12-16 19:00,9.828495505105808
2025-12-16 20:00,12.545297278708789
2025-12-16 21:00,17.699260394733006
2025-12-16 22:00,14.527067650914873
2025-12-16 23:00,14.810618054097912
2025-12-17 00:00,4.708746572206703
2025-12-17 01:00,5.608115877061079
2025-12-17 02:00,8.083939062919416
2025-12-17 03:00,3.926205642984071
2025-12-17 04:00,13.88011663473094
2025-12-17 05:00,16.1119538901409
2025-12-17 06:00,11.375701472083023
2025-12-17 07:00,17.923175870762698
2025-12-17 08:00,11.17146002369574
2025-12-17 09:00,23.873385852258984
2025-12-17 10:00,24.502161507021537
2025-12-17 11:00,32.147051606526674
2025-12-17 12:00,44.37965010977979
2025-12-17 13:00,43.92011991163508
2025-12-17 14:00,42.68543551884877
2025-12-17 15:00,38.79920238828772
2025-12-17 16:00,36.725410191863645
2025-12-17 17:00,27.252153816949395
2025-12-17 18:00,17.591302469217474
2025-12-17 19:00,20.710831293874897
2025-12-17 20:00,20.27174242980021
2025-12-17 21:00,16.9781550343391
2025-12-17 22:00,11.654905091949635
2025-12-17 23:00,10.549570839963133
2025-12-18 00:00,12.34219458628743
2025-12-18 01:00,9.17299971723536
2025-12-18 02:00,12.063318330223453
2025-12-18 03:00,10.775033146459455
2025-12-18 04:00,7.679509028292462
2025-12-18 05:00,7.541450989280134
2025-12-18 06:00,8.976907508287432
2025-12-18 07:00,9.012686585258255
2025-12-18 08:00,8.647251968050526
2025-12-18 09:00,2.666489731200902
2025-12-18 10:00,4.418868896368654
2025-12-18 11:00,3.587811347908775
2025-12-18 12:00,1.1654537459530088
2025-12-18 13:00,3.8787756628892174
2025-12-18 14:00,1.7705149522374641
2025-12-18 15:00,2.752696574748772
2025-12-18 16:00,2.165381508020321
2025-12-18 17:00,5.474099640381365
2025-12-18 18:00,7.095719020938287
2025-12-18 19:00,5.871552822230702
2025-12-18 20:00,2.965957600515602
2025-12-18 21:00,6.93868231201814
2025-12-18 22:00,4.626326580738746
2025-12-18 23:00,4.982866503113878
2025-12-19 00:00,9.053085997092628
2025-12-19 01:00,7.996892506552194
2025-12-19 02:00,4.578698010056662
2025-12-19 03:00,3.287444975320536
2025-12-19 04:00,3.5859537892786344
2025-12-19 05:00,4.838522035335062
2025-12-19 06:00,4.003685565302977
2025-12-19 07:00,6.128378289058535
2025-12-19 08:00,5.071406355783516
2025-12-19 09:00,2.996382314009928
2025-12-19 10:00,1.5043304726814206
2025-12-19 11:00,1.3297232541878565
2025-12-19 12:00,5.356358464032902
2025-12-19 13:00,8.003742032918932
2025-12-19 14:00,7.270186791186483
2025-12-19 15:00,12.717758132801537
2025-12-19 16:00,2.73394347018941
2025-12-19 17:00,4.62289779404446
2025-12-19 18:00,11.594619054567074
2025-12-19 19:00,16.2393066718779
2025-12-19 20:00,9.769548795646985
2025-12-19 21:00,8.142246674659546
2025-12-19 22:00,10.140872652854108
2025-12-19 23:00,12.813888498408812
2025-12-20 00:00,16.790336757691666
2025-12-20 01:00,10.76087952521215
2025-12-20 02:00,10.87838185174527
2025-12-20 03:00,18.27535334105916
2025-12-20 04:00,25.479793594157464
2025-12-20 05:00,38.66405446046234
2025-12-20 06:00,30.18341971316065
2025-12-20 07:00,38.98100490606027
2025-12-20 08:00,35.778089948656856
2025-12-20 09:00,30.625359760446468
2025-12-20 10:00,23.234540680453332
2025-12-20 11:00,28.71797690696697
2025-12-20 12:00,27.341339512967586
2025-12-20 13:00,22.766958872420684
2025-12-20 14:00,21.970707979419778
2025-12-20 15:00,26.559429424997848
2025-12-20 16:00,27.848741327153203
2025-12-20 17:00,26.483724490507154
2025-12-20 18:00,34.29673009992861
2025-12-20 19:00,56.730488247825505
2025-12-20 20:00,57.851792770129926
2025-12-20 21:00,44.733732182734784
2025-12-20 22:00,43.674245535409305
2025-12-20 23:00,47.64917301374969
2025-12-21 00:00,51.09199880031479
2025-12-21 01:00,51.68547275346461
2025-12-21 02:00,48.15036445449731
2025-12-21 03:00,57.93464905885163
2025-12-21 04:00,60.31025677388878
2025-12-21 05:00,62.04267380126994
2025-12-21 06:00,54.280356329983654
2025-12-21 07:00,53.92489810055764
2025-12-21 08:00,54.22115717608014
2025-12-21 09:00,49.90935735504933
2025-12-21 10:00,34.47551312889149
2025-12-21 11:00,30.451081660919805
2025-12-21 12:00,36.27321683724235
2025-12-21 13:00,37.63224997484896
2025-12-21 14:00,42.12672719366627
2025-12-21 15:00,32.165091921678226
2025-12-21 16:00,26.494212270091285
2025-12-21 17:00,21.415937594210554
2025-12-21 18:00,33.488907864066114
2025-12-21 19:00,36.008735762104266
2025-12-21 20:00,32.789979390931094
2025-12-21 21:00,32.87726704475345
2025-12-21 22:00,28.90221231310383
2025-12-21 23:00,21.793995786111573
2025-12-22 00:00,27.841587233720382
2025-12-22 01:00,25.714901478207253
2025-12-22 02:00,28.181510477835644
2025-12-22 03:00,27.18380729857249
2025-12-22 04:00,29.75268264791371
2025-12-22 05:00,28.81861886734227
2025-12-22 06:00,29.657148278171977
2025-12-22 07:00,29.789930112231502
2025-12-22 08:00,26.48011945858556
2025-12-22 09:00,18.430262411834615
2025-12-22 10:00,6.01293026156701
2025-12-22 11:00,0.7466155443109992
2025-12-22 12:00,2.795295313026276
2025-12-22 13:00,2.578716464693764
2025-12-22 14:00,5.1425003455706335
2025-12-22 15:00,1.3832638708768328
2025-12-22 16:00,3.120781080369566
2025-12-22 17:00,0.7576022779303568
2025-12-22 18:00,7.175780534762145
2025-12-22 19:00,7.930314928251216
2025-12-22 20:00,6.379149448869239
2025-12-22 21:00,5.893013978063444
2025-12-22 22:00,0.5188112489636234
2025-12-22 23:00,3.3631896601911535
2025-12-23 00:00,7.17633284985906
2025-12-23 01:00,9.717011454306558
2025-12-23 02:00,2.602259674902907
2025-12-23 03:00,1.7342660791258924
2025-12-23 04:00,2.1956109426382504
2025-12-23 05:00,5.72298278735745
2025-12-23 06:00,7.026085354655676
2025-12-23 07:00,4.790274902701576
2025-12-23 08:00,7.000139484987155
2025-12-23 09:00,4.758584766510497
2025-12-23 10:00,2.506832481008698
2025-12-23 11:00,4.410660848228432
2025-12-23 12:00,11.385716909255718
2025-12-23 13:00,9.102096958861779
2025-12-23 14:00,7.292403438509559
2025-12-23 15:00,9.641115088489439
2025-12-23 16:00,9.451176550724822
2025-12-23 17:00,18.3764103563231
2025-12-23 18:00,10.15763285737813
2025-12-23 19:00,12.15510956418313
2025-12-23 20:00,7.960023931816039
2025-12-23 21:00,12.755909594005912
2025-12-23 22:00,10.166604992948189
2025-12-23 23:00,14.812210380590983
2025-12-24 00:00,26.79931225059616
2025-12-24 01:00,17.81957303171366
2025-12-24 02:00,15.481142860825031
2025-12-24 03:00,19.50736464275782
2025-12-24 04:00,34.16822312027217
2025-12-24 05:00,44.66599802412355
2025-12-24 06:00,49.20772029152956
2025-12-24 07:00,53.45880692772207
2025-12-24 08:00,48.25546852746691
2025-12-24 09:00,49.69595328088649
2025-12-24 10:00,45.30403242538646
2025-12-24 11:00,38.872008733159205
2025-12-24 12:00,34.76636275693332
2025-12-24 13:00,33.56591840969261
2025-12-24 14:00,34.89939648403392
2025-12-24 15:00,37.528659997493456
2025-12-24 16:00,41.518878846479545
2025-12-24 17:00,36.60522402083062
2025-12-24 18:00,37.498310231716104
2025-12-24 19:00,44.928501104964184
2025-12-24 20:00,37.08136122081936
2025-12-24 21:00,34.712896922755085
2025-12-24 22:00,29.058908059087095
2025-12-24 23:00,28.238784537739924
2025-12-25 00:00,37.41479569608175
2025-12-25 01:00,34.522746909882734
2025-12-25 02:00,37.76355795961267
2025-12-25 03:00,35.1041256904149
2025-12-25 04:00,38.180532272526605
2025-12-25 05:00,39.677997957347024
2025-12-25 06:00,38.47797395127892
2025-12-25 07:00,46.069765584876
2025-12-25 08:00,41.977628541802666
2025-12-25 09:00,38.433732102017466
2025-12-25 10:00,51.226604930957286
2025-12-25 11:00,56.90092903258408
2025-12-25 12:00,64.60725552531045
2025-12-25 13:00,62.27291767153065
2025-12-25 14:00,61.82264132683811
2025-12-25 15:00,62.567517296547514
2025-12-25 16:00,62.5037813564408
2025-12-25 17:00,66.31787792629498
2025-12-25 18:00,67.1010363499605
2025-12-25 19:00,66.75711688209434
2025-12-25 20:00,66.59683672764928
2025-12-25 21:00,62.023812690932644
2025-12-25 22:00,61.513643628824084
2025-12-25 23:00,62.279101327974715
2025-12-26 00:00,64.97457522039875
2025-12-26 01:00,67.40997703631562
2025-12-26 02:00,64.77976178523669
2025-12-26 03:00,60.79806046355411
2025-12-26 04:00,61.73320118270466
2025-12-26 05:00,61.24860725716158
2025-12-26 06:00,59.75500628114411
2025-12-26 07:00,55.724471365027945
2025-12-26 08:00,57.44936518974315
2025-12-26 09:00,55.06083566633608
2025-12-26 10:00,45.716461608559456
2025-12-26 11:00,41.450718701902375
2025-12-26 12:00,46.934466934683485
2025-12-26 13:00,49.4420862917078
2025-12-26 14:00,45.36330204633758
2025-12-26 15:00,38.153487136833554
2025-12-26 16:00,28.414720723601537
2025-12-26 17:00,28.768313878192316
2025-12-26 18:00,25.347013719241332
2025-12-26 19:00,30.043172578418496
2025-12-26 20:00,27.727111399624302
2025-12-26 21:00,18.134497034898878
2025-12-26 22:00,10.230576266816264
2025-12-26 23:00,6.815147072282688
2025-12-27 00:00,15.973032462896487
2025-12-27 01:00,14.698826669435263
2025-12-27 02:00,12.03530355494632
2025-12-27 03:00,7.193650235159678
2025-12-27 04:00,6.64673155667727
2025-12-27 05:00,8.753857819346873
2025-12-27 06:00,9.467319113244994
2025-12-27 07:00,12.785667784442419
2025-12-27 08:00,8.440621849262744
2025-12-27 09:00,4.144399973046974
2025-12-27 10:00,2.323762594955548
2025-12-27 11:00,0.0
2025-12-27 12:00,0.0
2025-12-27 13:00,0.9554170766866692
2025-12-27 14:00,3.601094668966171
2025-12-27 15:00,4.257861301180239
2025-12-27 16:00,3.2512637067740795
2025-12-27 17:00,7.467250958379636
2025-12-27 18:00,11.894536074483181
2025-12-27 19:00,7.478026739831826
2025-12-27 20:00,4.223306918637183
2025-12-27 21:00,13.11638191409882
2025-12-27 22:00,15.112590641233695
2025-12-27 23:00,8.14716954420898
2025-12-28 00:00,10.49358805526202
2025-12-28 01:00,11.896289749620374
2025-12-28 02:00,11.586239018094108
2025-12-28 03:00,7.041822944397209
2025-12-28 04:00,12.697144841533808
2025-12-28 05:00,12.352684362905968
2025-12-28 06:00,6.848934292427525
2025-12-28 07:00,3.395224695985794
2025-12-28 08:00,3.3436984991087324
2025-12-28 09:00,7.28650616740679
2025-12-28 10:00,6.001391492467232
2025-12-28 11:00,6.204793552372227
2025-12-28 12:00,11.924830808603927
2025-12-28 13:00,11.898618063644609
2025-12-28 14:00,12.898955692539934
2025-12-28 15:00,14.578152816203646
2025-12-28 16:00,17.845475214301057
2025-12-28 17:00,21.105271354766696
2025-12-28 18:00,23.919329466705616
2025-12-28 19:00,29.44733490775795
2025-12-28 20:00,29.635978091621958
2025-12-28 21:00,31.480655839043727
2025-12-28 22:00,35.65916270587637
2025-12-28 23:00,31.56450794200097
2025-12-29 00:00,14.722359314789312
2025-12-29 01:00,18.591997278176194
2025-12-29 02:00,28.27678704092074
2025-12-29 03:00,27.585811522768232
2025-12-29 04:00,29.49133914056505
2025-12-29 05:00,33.70683950003432
2025-12-29 06:00,39.48324496976454
2025-12-29 07:00,42.00159734642418
2025-12-29 08:00,37.93774533110634
2025-12-29 09:00,30.65225715711069
2025-12-29 10:00,27.118935894462247
2025-12-29 11:00,30.164765885015072
2025-12-29 12:00,35.53376993089606
2025-12-29 13:00,20.05281506011795
2025-12-29 14:00,15.196240512501568
2025-12-29 15:00,28.765068072745926
2025-12-29 16:00,29.296237842070333
2025-12-29 17:00,25.695327316298908
2025-12-29 18:00,19.917808838711288
2025-12-29 19:00,29.720008397680278
2025-12-29 20:00,31.990327579715863
2025-12-29 21:00,29.958258313223038
2025-12-29 22:00,27.899621513824318
2025-12-29 23:00,21.653583390095854
2025-12-30 00:00,29.613730892205417
2025-12-30 01:00,33.04711522215021
2025-12-30 02:00,26.345258493435562
2025-12-30 03:00,34.29632925860687
2025-12-30 04:00,37.912617979500645
2025-12-30 05:00,37.910312422340496
2025-12-30 06:00,43.20403119857234
2025-12-30 07:00,41.96856074208739
2025-12-30 08:00,34.00309689449863
2025-12-30 09:00,28.080843283081975
2025-12-30 10:00,22.550679825209897
2025-12-30 11:00,14.631978421639163
2025-12-30 12:00,17.674328515409094
2025-12-30 13:00,22.32310631863715
2025-12-30 14:00,24.559364826829796
2025-12-30 15:00,30.124698258123452
2025-12-30 16:00,24.45730938462251
2025-12-30 17:00,16.50796063221318
2025-12-30 18:00,21.211147709692753
2025-12-30 19:00,35.552083729429064
2025-12-30 20:00,29.079527361151587
2025-12-30 21:00,14.544116902708797
2025-12-30 22:00,7.295490384259129
2025-12-30 23:00,1.4148153144490108
2025-12-31 00:00,18.420356545432185
2025-12-31 01:00,26.11825861180317
2025-12-31 02:00,27.602360911110768
2025-12-31 03:00,45.86381466244665
2025-12-31 04:00,44.95947503775021
2025-12-31 05:00,42.864645579921365
2025-12-31 06:00,44.817940600020435
2025-12-31 07:00,53.31510684168588
2025-12-31 08:00,51.610730015610564
2025-12-31 09:00,52.67104143365363
2025-12-31 10:00,44.165393485323705
2025-12-31 11:00,32.33760596065825
2025-12-31 12:00,33.46526410492484
2025-12-31 13:00,28.97459875286975
2025-12-31 14:00,28.925785606481583
2025-12-31 15:00,36.79360293463829
2025-12-31 16:00,29.956994922946134
2025-12-31 17:00,33.53122508710687
2025-12-31 18:00,32.585661510535815
2025-12-31 19:00,38.45597695488449
2025-12-31 20:00,41.565005080294426
2025-12-31 21:00,38.43188578648441
2025-12-31 22:00,37.709629388593626
2025-12-31 23:00,39.509748891566176
